Time,CameraA Max,CameraA Mean,CameraB Max,CameraB Mean
20221022_111447,2781,2728,133,147
20221022_111447,2766,2729,149,147
20221022_111447,2725,2729,155,147
20221022_111447,2756,2729,147,147
20221022_111447,2727,2729,148,147
20221022_111448,2741,2729,149,147
20221022_111449,2791,2731,141,147
20221022_111449,2756,2731,148,147
20221022_111449,2785,2732,141,147
20221022_111449,2764,2733,149,147
20221022_111449,2699,2732,155,147
20221022_111449,2731,2733,151,147
20221022_111449,2720,2734,152,148
20221022_111449,2695,2733,150,148
20221022_111449,2765,2734,147,148
20221022_111449,2744,2734,146,148
20221022_111449,2731,2734,143,148
20221022_111450,2716,2734,149,148
20221022_111450,2717,2734,146,148
20221022_111450,2666,2732,155,148
20221022_111450,2712,2732,153,148
20221022_111450,2779,2733,145,148
20221022_111450,2659,2730,145,148
20221022_111450,2729,2730,148,148
20221022_111450,2709,2729,138,148
20221022_111450,2777,2730,149,148
20221022_111450,2717,2729,151,148
20221022_111450,2693,2729,148,148
20221022_111451,2739,2729,154,148
20221022_111451,2735,2730,156,148
20221022_111451,2716,2730,146,148
20221022_111451,2754,2730,152,148
20221022_111451,2701,2731,150,148
20221022_111451,2766,2732,156,148
20221022_111451,2734,2732,157,148
20221022_111451,2678,2730,156,148
20221022_111451,2753,2729,153,148
20221022_111451,2739,2730,140,148
20221022_111451,2735,2730,148,148
20221022_111452,2742,2731,145,148
20221022_111452,2720,2730,150,148
20221022_111452,2748,2731,147,148
20221022_111452,2731,2731,152,148
20221022_111452,2701,2731,153,148
20221022_111452,2758,2732,156,149
20221022_111452,2729,2731,150,149
20221022_111452,2736,2732,145,148
20221022_111452,2753,2732,153,148
20221022_111452,2737,2733,149,149
20221022_111453,2686,2732,141,148
20221022_111453,2765,2733,141,148
20221022_111453,2703,2731,151,149
20221022_111453,2769,2732,147,148
20221022_111453,2691,2731,151,148
20221022_111453,2741,2731,153,149
20221022_111453,2750,2731,151,149
20221022_111453,2746,2731,157,149
20221022_111453,2764,2731,143,149
20221022_111453,2770,2731,146,149
20221022_111453,2726,2730,146,149
20221022_111454,2752,2729,152,149
20221022_111454,2736,2730,158,149
20221022_111454,2719,2730,155,149
20221022_111454,2726,2730,146,149
20221022_111454,2759,2731,146,149
20221022_111454,2745,2731,149,149
20221022_111454,2735,2731,137,149
20221022_111454,2735,2731,149,149
20221022_111454,2710,2731,149,149
20221022_111454,2708,2731,149,149
20221022_111454,2704,2731,150,149
20221022_111455,2712,2731,157,149
20221022_111455,2786,2731,153,149
20221022_111455,2789,2734,146,149
20221022_111455,2714,2734,154,149
20221022_111455,2780,2735,145,149
20221022_111455,2714,2734,155,149
20221022_111455,2741,2734,145,149
20221022_111455,2726,2735,164,150
20221022_111455,2739,2735,151,150
20221022_111455,2773,2736,150,149
20221022_111455,2759,2737,155,150
20221022_111456,2689,2735,149,150
20221022_111456,2733,2736,153,150
20221022_111456,2706,2735,150,149
20221022_111456,2693,2734,149,149
20221022_111456,2678,2734,140,149
20221022_111456,2778,2734,149,149
20221022_111456,2727,2734,143,149
20221022_111456,2716,2734,157,149
20221022_111456,2755,2734,145,149
20221022_111456,2714,2734,159,149
20221022_111456,2679,2733,154,149
20221022_111457,2755,2733,150,149
20221022_111457,2710,2733,154,149
20221022_111457,2747,2733,155,149
20221022_111457,2753,2733,161,150
20221022_111457,2793,2735,141,150
20221022_111457,2770,2735,150,150
20221022_111457,2712,2734,149,150
20221022_111457,2745,2736,156,150
20221022_111457,2715,2735,146,150
20221022_111457,2750,2736,158,150
20221022_111458,2694,2734,146,150
20221022_111458,2772,2736,160,150
20221022_111458,2725,2735,155,150
20221022_111458,2786,2736,153,150
20221022_111458,2705,2735,147,150
20221022_111458,2700,2734,147,150
20221022_111458,2796,2734,151,150
20221022_111458,2724,2734,146,150
20221022_111458,2760,2735,146,150
20221022_111458,2726,2734,146,150
20221022_111458,2768,2735,149,150
20221022_111459,2756,2736,157,150
20221022_111459,2723,2735,154,150
20221022_111459,2699,2734,141,150
20221022_111459,2731,2734,145,150
20221022_111459,2781,2735,149,150
20221022_111459,2752,2736,152,150
20221022_111459,2737,2737,158,150
20221022_111459,2761,2738,152,150
20221022_111459,2704,2738,149,150
20221022_111459,2720,2736,161,150
20221022_111459,2747,2735,164,151
20221022_111500,2770,2737,146,151
20221022_111500,2750,2736,151,151
20221022_111500,2760,2737,160,151
20221022_111500,2699,2736,147,151
20221022_111500,2727,2736,146,151
20221022_111500,2728,2736,150,151
20221022_111500,2736,2735,151,151
20221022_111500,2719,2734,157,151
20221022_111500,2775,2736,150,151
20221022_111500,2767,2737,154,151
20221022_111500,2712,2737,151,151
20221022_111501,2680,2737,157,151
20221022_111501,2740,2738,150,151
20221022_111501,2709,2736,154,151
20221022_111501,2720,2736,156,151
20221022_111501,2752,2737,151,151
20221022_111501,2717,2736,152,151
20221022_111501,2677,2735,154,151
20221022_111501,2759,2737,152,151
20221022_111501,2778,2737,151,151
20221022_111501,2731,2738,151,151
20221022_111501,2718,2737,150,151
20221022_111502,2685,2736,154,151
20221022_111502,2689,2734,153,151
20221022_111502,2791,2734,148,151
20221022_111502,2760,2735,146,151
20221022_111502,2738,2735,159,151
20221022_111502,2741,2736,153,151
20221022_111502,2759,2736,154,151
20221022_111502,2741,2737,151,151
20221022_111502,2757,2736,147,151
20221022_111502,2669,2735,154,151
20221022_111503,2716,2734,163,151
20221022_111503,2725,2734,152,151
20221022_111503,2711,2735,154,151
20221022_111503,2710,2733,149,151
20221022_111503,2752,2733,153,152
20221022_111503,2705,2732,157,152
20221022_111503,2746,2733,156,152
20221022_111503,2761,2733,145,152
20221022_111503,2767,2733,155,152
20221022_111503,2710,2733,150,152
20221022_111503,2717,2733,150,152
20221022_111504,2707,2733,148,152
20221022_111504,2736,2732,161,152
20221022_111504,2741,2731,147,152
20221022_111504,2698,2731,170,152
20221022_111504,2694,2729,148,152
20221022_111504,2679,2729,158,152
20221022_111504,2696,2728,160,152
20221022_111504,2727,2728,147,152
20221022_111504,2719,2727,156,152
20221022_111504,2755,2727,163,153
20221022_111504,2746,2727,147,152
20221022_111505,2707,2727,147,152
20221022_111505,2716,2727,148,152
20221022_111505,2757,2727,145,152
20221022_111505,2694,2726,160,152
20221022_111505,2696,2726,152,152
20221022_111505,2710,2725,151,152
20221022_111505,2721,2724,148,152
20221022_111505,2731,2724,155,152
20221022_111505,2701,2725,154,152
20221022_111505,2663,2723,155,152
20221022_111505,2731,2724,156,152
20221022_111506,2670,2723,148,152
20221022_111506,2698,2722,152,152
20221022_111506,2735,2722,146,152
20221022_111506,2691,2722,154,152
20221022_111506,2745,2722,148,152
20221022_111506,2736,2721,152,152
20221022_111506,2692,2720,161,152
20221022_111506,2713,2720,153,152
20221022_111506,2715,2721,156,152
20221022_111506,2696,2721,152,152
20221022_111507,2674,2719,156,152
20221022_111507,2741,2718,156,153
20221022_111507,2661,2717,158,153
20221022_111507,2752,2717,150,153
20221022_111507,2728,2716,146,152
20221022_111507,2704,2716,155,153
20221022_111507,2683,2714,155,153
20221022_111507,2739,2716,151,153
20221022_111507,2755,2716,156,152
20221022_111507,2717,2716,169,153
20221022_111507,2717,2716,154,153
20221022_111508,2725,2717,147,153
20221022_111508,2717,2716,154,153
20221022_111508,2710,2716,153,153
20221022_111508,2714,2715,151,153
20221022_111508,2760,2715,150,153
20221022_111508,2695,2714,163,153
20221022_111508,2679,2713,148,153
20221022_111508,2712,2713,149,153
20221022_111508,2725,2714,157,153
20221022_111508,2747,2714,157,153
20221022_111508,2699,2713,163,153
20221022_111509,2717,2713,147,153
20221022_111509,2770,2715,150,153
20221022_111509,2760,2716,149,153
20221022_111509,2700,2716,151,152
20221022_111509,2717,2716,155,153
20221022_111509,2777,2717,145,152
20221022_111509,2762,2718,154,152
20221022_111509,2716,2717,158,152
20221022_111509,2750,2718,148,152
20221022_111509,2733,2718,157,153
20221022_111509,2733,2718,152,153
20221022_111510,2704,2718,151,153
20221022_111510,2739,2719,150,153
20221022_111510,2769,2720,159,153
20221022_111510,2717,2720,148,153
20221022_111510,2744,2720,153,153
20221022_111510,2730,2721,148,153
20221022_111510,2711,2722,148,152
20221022_111510,2714,2721,150,152
20221022_111510,2673,2721,156,152
20221022_111510,2709,2722,157,153
20221022_111510,2720,2721,154,153
20221022_111511,2723,2722,144,153
20221022_111511,2750,2722,164,153
20221022_111511,2750,2722,160,153
20221022_111511,2716,2723,153,153
20221022_111511,2737,2723,154,153
20221022_111511,2757,2724,155,153
20221022_111511,2735,2725,153,153
20221022_111511,2723,2726,155,153
20221022_111511,2671,2724,155,153
20221022_111511,2735,2726,152,153
20221022_111512,2684,2724,155,153
20221022_111512,2759,2725,156,153
20221022_111512,2723,2725,155,153
20221022_111512,2744,2727,145,153
20221022_111512,2721,2726,147,153
20221022_111512,2747,2726,156,153
20221022_111512,2750,2727,167,153
20221022_111512,2739,2727,157,153
20221022_111512,2705,2727,141,153
20221022_111512,2723,2727,156,153
20221022_111512,2761,2728,159,153
20221022_111513,2753,2729,145,153
20221022_111513,2719,2728,156,153
20221022_111513,2752,2729,151,153
20221022_111513,2723,2730,152,153
20221022_111513,2756,2731,159,153
20221022_111513,2740,2731,151,153
20221022_111513,2752,2731,158,153
20221022_111513,2734,2732,149,152
20221022_111513,2742,2732,152,153
20221022_111513,2713,2731,157,153
20221022_111513,2733,2731,147,153
20221022_111514,2719,2731,159,153
20221022_111514,2742,2732,160,153
20221022_111514,2767,2731,158,153
20221022_111514,2727,2731,155,153
20221022_111514,2707,2730,160,153
20221022_111514,2708,2730,157,153
20221022_111514,2736,2730,150,153
20221022_111514,2760,2730,155,153
20221022_111514,2734,2731,150,153
20221022_111514,2720,2730,158,153
20221022_111514,2700,2729,161,153
20221022_111515,2773,2730,150,154
20221022_111515,2690,2729,156,154
20221022_111515,2717,2729,169,154
20221022_111515,2738,2729,151,154
20221022_111515,2734,2730,160,154
20221022_111515,2753,2731,152,154
20221022_111515,2718,2732,160,154
20221022_111515,2717,2731,151,154
20221022_111515,2671,2730,154,154
20221022_111515,2690,2729,151,154
20221022_111516,2726,2729,151,154
20221022_111516,2684,2728,152,154
20221022_111516,2707,2728,152,154
20221022_111516,2704,2727,153,154
20221022_111516,2770,2727,156,154
20221022_111516,2713,2727,160,154
20221022_111516,2782,2729,166,154
20221022_111516,2713,2729,151,154
20221022_111516,2713,2729,150,154
20221022_111516,2764,2729,161,154
20221022_111516,2730,2730,161,154
20221022_111517,2729,2729,154,154
20221022_111517,2705,2729,171,155
20221022_111517,2739,2729,154,155
20221022_111517,2688,2728,152,155
20221022_111517,2731,2727,159,155
20221022_111517,2727,2728,155,155
20221022_111517,2737,2728,148,155
20221022_111517,2711,2727,158,155
20221022_111517,2737,2727,163,155
20221022_111517,2689,2726,151,155
20221022_111517,2731,2726,155,155
20221022_111518,2767,2727,158,155
20221022_111518,2734,2726,151,155
20221022_111518,2720,2726,158,155
20221022_111518,2775,2726,161,155
20221022_111518,2734,2726,155,155
20221022_111518,2697,2725,153,155
20221022_111518,2726,2726,149,155
20221022_111518,2725,2726,150,155
20221022_111518,2727,2726,152,155
20221022_111518,2704,2725,158,155
20221022_111518,2759,2725,154,155
20221022_111519,2690,2724,149,155
20221022_111519,2748,2725,153,155
20221022_111519,2784,2726,154,155
20221022_111519,2769,2727,163,155
20221022_111519,2732,2726,157,155
20221022_111519,2740,2727,155,155
20221022_111519,2755,2727,165,155
20221022_111519,2744,2728,152,155
20221022_111519,2727,2727,158,155
20221022_111519,2772,2729,165,155
20221022_111520,2736,2729,157,155
20221022_111520,2716,2729,145,155
20221022_111520,2734,2729,148,155
20221022_111520,2685,2727,160,155
20221022_111520,2675,2727,155,155
20221022_111520,2716,2727,150,155
20221022_111520,2697,2727,152,155
20221022_111520,2712,2728,146,155
20221022_111520,2701,2727,157,155
20221022_111520,2723,2728,158,155
20221022_111520,2742,2729,153,155
20221022_111521,2676,2728,145,155
20221022_111521,2767,2728,149,155
20221022_111521,2748,2729,155,155
20221022_111521,2725,2727,165,155
20221022_111521,2733,2728,153,155
20221022_111521,2737,2728,160,155
20221022_111521,2765,2728,160,155
20221022_111521,2778,2729,154,155
20221022_111521,2734,2729,151,155
20221022_111521,2744,2730,161,154
20221022_111521,2712,2730,155,154
20221022_111522,2721,2730,150,154
20221022_111522,2696,2730,151,154
20221022_111522,2744,2730,147,154
20221022_111522,2742,2730,157,154
20221022_111522,2742,2731,156,154
20221022_111522,2736,2731,161,154
20221022_111522,2735,2732,158,154
20221022_111522,2737,2732,159,154
20221022_111522,2665,2730,152,154
20221022_111522,2747,2730,154,154
20221022_111522,2688,2729,157,154
20221022_111523,2755,2729,148,154
20221022_111523,2736,2729,155,154
20221022_111523,2740,2730,152,154
20221022_111523,2700,2729,150,154
20221022_111523,2759,2730,151,154
20221022_111523,2736,2730,154,154
20221022_111523,2703,2730,165,154
20221022_111523,2754,2730,161,154
20221022_111523,2730,2731,167,155
20221022_111523,2769,2731,147,155
20221022_111523,2747,2730,153,155
20221022_111524,2748,2730,157,154
20221022_111524,2766,2731,154,154
20221022_111524,2725,2730,160,155
20221022_111524,2779,2731,153,154
20221022_111524,2744,2731,165,155
20221022_111524,2709,2731,156,154
20221022_111524,2671,2729,152,154
20221022_111524,2751,2729,154,154
20221022_111524,2707,2729,153,154
20221022_111524,2770,2729,146,154
20221022_111525,2729,2730,151,154
20221022_111525,2707,2731,159,154
20221022_111525,2688,2730,163,154
20221022_111525,2697,2730,157,155
20221022_111525,2658,2729,145,155
20221022_111525,2754,2730,153,154
20221022_111525,2727,2730,159,154
20221022_111525,2672,2729,163,155
20221022_111525,2714,2730,148,155
20221022_111525,2749,2729,163,155
20221022_111525,2754,2729,155,155
20221022_111526,2734,2730,153,155
20221022_111526,2699,2729,154,155
20221022_111526,2698,2728,159,155
20221022_111526,2736,2728,155,155
20221022_111526,2744,2727,157,155
20221022_111526,2715,2727,155,155
20221022_111526,2692,2726,153,155
20221022_111526,2775,2727,156,155
20221022_111526,2725,2727,158,155
20221022_111526,2696,2727,155,155
20221022_111526,2705,2726,157,155
20221022_111527,2748,2726,158,155
20221022_111527,2720,2726,150,155
20221022_111527,2750,2726,163,155
20221022_111527,2751,2726,164,155
20221022_111527,2751,2727,161,155
20221022_111527,2700,2727,159,155
20221022_111527,2704,2727,148,155
20221022_111527,2737,2728,154,155
20221022_111527,2817,2729,160,155
20221022_111527,2759,2729,165,156
20221022_111527,2755,2729,160,156
20221022_111528,2712,2730,156,156
20221022_111528,2733,2729,158,156
20221022_111528,2735,2729,164,156
20221022_111528,2711,2729,150,156
20221022_111528,2741,2729,165,156
20221022_111528,2733,2729,152,156
20221022_111528,2705,2728,151,156
20221022_111528,2710,2727,154,156
20221022_111528,2737,2727,158,156
20221022_111528,2716,2726,159,156
20221022_111528,2719,2726,148,156
20221022_111529,2741,2725,157,156
20221022_111529,2729,2725,157,156
20221022_111529,2653,2724,143,155
20221022_111529,2705,2724,143,155
20221022_111529,2747,2724,166,155
20221022_111529,2741,2725,166,156
20221022_111529,2744,2724,151,156
20221022_111529,2742,2725,158,156
20221022_111529,2735,2725,156,156
20221022_111529,2697,2725,151,156
20221022_111529,2715,2726,151,155
20221022_111530,2716,2727,155,156
20221022_111530,2721,2726,145,156
20221022_111530,2676,2725,168,156
20221022_111530,2706,2726,160,156
20221022_111530,2714,2726,153,156
20221022_111530,2756,2726,155,156
20221022_111530,2746,2726,163,156
20221022_111530,2731,2726,164,156
20221022_111530,2719,2726,153,156
20221022_111530,2769,2728,157,156
20221022_111530,2714,2727,161,156
20221022_111531,2740,2727,155,156
20221022_111531,2735,2728,165,156
20221022_111531,2738,2728,159,156
20221022_111531,2781,2729,160,156
20221022_111531,2750,2729,151,156
20221022_111531,2732,2730,157,156
20221022_111531,2754,2731,154,156
20221022_111531,2733,2730,158,156
20221022_111531,2748,2731,156,156
20221022_111531,2695,2730,153,156
20221022_111531,2747,2730,148,156
20221022_111532,2731,2729,156,156
20221022_111532,2700,2729,160,156
20221022_111532,2746,2730,156,156
20221022_111532,2728,2730,157,156
20221022_111532,2737,2728,157,156
20221022_111532,2728,2728,160,156
20221022_111532,2718,2727,155,156
20221022_111532,2667,2726,149,156
20221022_111532,2744,2726,160,156
20221022_111532,2689,2726,150,155
20221022_111533,2769,2727,163,156
20221022_111533,2699,2726,164,156
20221022_111533,2648,2724,153,156
20221022_111533,2779,2726,158,156
20221022_111533,2759,2727,155,156
20221022_111533,2713,2726,165,156
20221022_111533,2756,2727,150,156
20221022_111533,2757,2728,159,156
20221022_111533,2729,2727,153,156
20221022_111533,2717,2727,161,156
20221022_111533,2723,2729,153,156
20221022_111534,2718,2729,154,156
20221022_111534,2704,2728,164,156
20221022_111534,2716,2728,155,156
20221022_111534,2714,2727,154,156
20221022_111534,2756,2727,167,156
20221022_111534,2764,2728,153,156
20221022_111534,2723,2728,151,156
20221022_111534,2746,2729,170,157
20221022_111534,2774,2730,167,157
20221022_111534,2686,2729,160,157
20221022_111534,2714,2730,155,157
20221022_111535,2716,2730,167,157
20221022_111535,2749,2731,148,157
20221022_111535,2729,2730,156,157
20221022_111535,2707,2730,157,157
20221022_111535,2675,2729,173,157
20221022_111535,2714,2728,155,157
20221022_111535,2752,2728,158,157
20221022_111535,2770,2729,148,157
20221022_111535,2753,2730,161,157
20221022_111535,2806,2731,160,157
20221022_111535,2772,2732,153,157
20221022_111536,2756,2731,165,157
20221022_111536,2716,2730,161,157
20221022_111536,2708,2730,146,157
20221022_111536,2782,2730,152,157
20221022_111536,2724,2730,157,157
20221022_111536,2730,2730,154,157
20221022_111536,2764,2731,153,157
20221022_111536,2719,2731,147,157
20221022_111536,2784,2732,153,157
20221022_111536,2681,2731,154,156
20221022_111536,2706,2731,163,157
20221022_111537,2730,2731,165,157
20221022_111537,2710,2730,159,157
20221022_111537,2713,2730,157,157
20221022_111537,2715,2730,161,157
20221022_111537,2747,2731,154,157
20221022_111537,2718,2731,154,157
20221022_111537,2683,2731,159,157
20221022_111537,2719,2730,154,157
20221022_111537,2731,2730,164,157
20221022_111537,2700,2731,147,157
20221022_111538,2721,2730,154,157
20221022_111538,2758,2730,167,157
20221022_111538,2686,2730,157,157
20221022_111538,2730,2729,171,157
20221022_111538,2772,2730,160,157
20221022_111538,2699,2729,158,157
20221022_111538,2706,2729,155,157
20221022_111538,2670,2728,160,157
20221022_111538,2706,2727,155,157
20221022_111538,2724,2728,153,157
20221022_111538,2729,2728,166,157
20221022_111539,2745,2729,164,158
20221022_111539,2734,2728,159,157
20221022_111539,2749,2728,155,157
20221022_111539,2724,2728,164,158
20221022_111539,2758,2728,147,157
20221022_111539,2709,2727,163,157
20221022_111539,2689,2727,160,157
20221022_111539,2713,2727,161,157
20221022_111539,2753,2728,163,157
20221022_111539,2693,2727,159,157
20221022_111539,2715,2726,160,157
20221022_111540,2681,2726,154,157
20221022_111540,2685,2726,158,157
20221022_111540,2695,2726,157,157
20221022_111540,2687,2724,158,157
20221022_111540,2709,2723,165,157
20221022_111540,2723,2723,163,158
20221022_111540,2731,2721,157,157
20221022_111540,2704,2720,161,158
20221022_111540,2733,2719,169,158
20221022_111540,2689,2719,157,158
20221022_111540,2736,2719,156,158
20221022_111541,2688,2718,158,158
20221022_111541,2710,2717,163,158
20221022_111541,2776,2718,157,158
20221022_111541,2764,2718,169,158
20221022_111541,2729,2718,168,159
20221022_111541,2746,2718,172,159
20221022_111541,2707,2718,159,159
20221022_111541,2700,2718,160,159
20221022_111541,2773,2719,167,159
20221022_111541,2718,2719,161,159
20221022_111541,2730,2719,169,160
20221022_111542,2704,2719,154,159
20221022_111542,2754,2719,164,160
20221022_111542,2741,2720,150,160
20221022_111542,2732,2721,166,160
20221022_111542,2733,2721,158,160
20221022_111542,2718,2721,150,159
20221022_111542,2728,2721,161,160
20221022_111542,2739,2722,156,160
20221022_111542,2710,2721,166,160
20221022_111542,2709,2721,153,160
20221022_111542,2706,2721,165,160
20221022_111543,2721,2720,153,159
20221022_111543,2704,2720,163,160
20221022_111543,2749,2721,154,160
20221022_111543,2770,2723,159,159
20221022_111543,2723,2723,154,159
20221022_111543,2679,2722,164,160
20221022_111543,2732,2722,149,159
20221022_111543,2720,2722,164,159
20221022_111543,2721,2721,160,159
20221022_111543,2694,2720,156,159
20221022_111544,2756,2721,155,159
20221022_111544,2727,2720,164,160
20221022_111544,2712,2720,156,159
20221022_111544,2753,2722,164,159
20221022_111544,2735,2722,155,159
20221022_111544,2703,2721,153,159
20221022_111544,2741,2722,155,159
20221022_111544,2730,2722,146,159
20221022_111544,2665,2722,156,159
20221022_111544,2726,2723,155,159
20221022_111544,2712,2723,153,159
20221022_111545,2685,2723,163,159
20221022_111545,2689,2723,157,159
20221022_111545,2699,2722,160,159
20221022_111545,2726,2722,159,159
20221022_111545,2689,2722,147,158
20221022_111545,2745,2722,169,158
20221022_111545,2717,2723,159,158
20221022_111545,2718,2722,148,158
20221022_111545,2716,2723,167,158
20221022_111545,2741,2723,180,159
20221022_111545,2734,2723,152,159
20221022_111546,2718,2722,167,159
20221022_111546,2731,2722,155,158
20221022_111546,2731,2721,160,158
20221022_111546,2716,2722,151,158
20221022_111546,2738,2722,165,158
20221022_111546,2750,2722,161,158
20221022_111546,2704,2722,152,158
20221022_111546,2732,2722,151,157
20221022_111546,2672,2721,153,157
20221022_111546,2684,2720,169,158
20221022_111546,2708,2719,156,158
20221022_111547,2760,2719,168,158
20221022_111547,2747,2720,160,158
20221022_111547,2740,2720,158,158
20221022_111547,2716,2720,171,158
20221022_111547,2757,2720,158,158
20221022_111547,2718,2720,152,158
20221022_111547,2716,2721,163,158
20221022_111547,2715,2721,159,158
20221022_111547,2709,2721,154,158
20221022_111547,2774,2722,148,158
20221022_111547,2725,2721,167,158
20221022_111548,2683,2720,159,158
20221022_111548,2769,2721,155,158
20221022_111548,2687,2721,164,158
20221022_111548,2733,2721,160,158
20221022_111548,2678,2720,154,158
20221022_111548,2769,2721,163,158
20221022_111548,2692,2721,160,158
20221022_111548,2676,2719,155,158
20221022_111548,2732,2719,156,158
20221022_111548,2758,2720,155,158
20221022_111548,2720,2720,160,158
20221022_111549,2755,2720,158,158
20221022_111549,2720,2720,155,158
20221022_111549,2723,2720,153,158
20221022_111549,2727,2720,154,158
20221022_111549,2765,2722,157,158
20221022_111549,2723,2722,165,158
20221022_111549,2732,2722,152,158
20221022_111549,2701,2723,158,158
20221022_111549,2706,2723,165,158
20221022_111549,2720,2723,155,158
20221022_111549,2708,2723,171,158
20221022_111550,2733,2724,157,159
20221022_111550,2735,2724,157,158
20221022_111550,2697,2723,159,158
20221022_111550,2714,2723,159,159
20221022_111550,2726,2723,154,158
20221022_111550,2750,2724,165,158
20221022_111550,2681,2723,151,158
20221022_111550,2704,2722,156,158
20221022_111550,2685,2721,149,158
20221022_111550,2740,2722,150,157
20221022_111550,2721,2722,150,157
20221022_111551,2684,2721,166,157
20221022_111551,2738,2720,160,157
20221022_111551,2742,2721,161,158
20221022_111551,2691,2720,160,158
20221022_111551,2738,2722,156,158
20221022_111551,2718,2722,165,158
20221022_111551,2781,2724,160,158
20221022_111551,2769,2724,161,158
20221022_111551,2733,2724,167,158
20221022_111551,2723,2723,153,158
20221022_111552,2725,2723,153,157
20221022_111552,2747,2723,161,157
20221022_111552,2717,2723,165,158
20221022_111552,2699,2723,154,158
20221022_111552,2713,2723,151,157
20221022_111552,2747,2724,149,157
20221022_111552,2727,2723,163,158
20221022_111552,2732,2723,149,157
20221022_111552,2718,2723,150,157
20221022_111552,2757,2723,153,157
20221022_111552,2734,2724,165,157
20221022_111553,2684,2723,153,157
20221022_111553,2681,2723,158,157
20221022_111553,2738,2723,158,157
20221022_111553,2750,2724,164,157
20221022_111553,2765,2726,160,157
20221022_111553,2759,2726,163,157
20221022_111553,2738,2726,164,157
20221022_111553,2706,2725,163,157
20221022_111553,2699,2724,164,158
20221022_111553,2720,2724,169,158
20221022_111553,2720,2724,159,158
20221022_111554,2696,2724,154,158
20221022_111554,2699,2722,158,158
20221022_111554,2687,2722,159,158
20221022_111554,2740,2722,167,158
20221022_111554,2695,2722,160,158
20221022_111554,2738,2722,156,158
20221022_111554,2706,2722,141,158
20221022_111554,2704,2722,157,157
20221022_111554,2758,2722,149,157
20221022_111554,2714,2722,153,157
20221022_111554,2751,2723,164,157
20221022_111555,2677,2722,164,157
20221022_111555,2733,2722,160,158
20221022_111555,2758,2723,163,158
20221022_111555,2741,2724,166,158
20221022_111555,2733,2724,154,158
20221022_111555,2704,2725,159,158
20221022_111555,2699,2724,157,158
20221022_111555,2679,2723,153,158
20221022_111555,2671,2723,160,158
20221022_111555,2751,2723,164,158
20221022_111555,2695,2722,157,158
20221022_111556,2705,2722,159,158
20221022_111556,2717,2722,158,158
20221022_111556,2676,2721,167,158
20221022_111556,2715,2720,150,158
20221022_111556,2690,2718,157,158
20221022_111556,2715,2718,153,158
20221022_111556,2713,2718,154,158
20221022_111556,2681,2717,160,158
20221022_111556,2683,2716,160,158
20221022_111556,2686,2715,150,157
20221022_111557,2747,2716,150,157
20221022_111557,2758,2717,156,157
20221022_111557,2673,2716,163,158
20221022_111557,2705,2715,158,158
20221022_111557,2709,2715,156,158
20221022_111557,2757,2715,155,158
20221022_111557,2691,2714,163,158
20221022_111557,2694,2713,170,158
20221022_111557,2746,2715,157,158
20221022_111557,2769,2716,155,158
20221022_111557,2728,2716,169,158
20221022_111558,2686,2715,149,158
20221022_111558,2652,2713,157,158
20221022_111558,2739,2712,163,158
20221022_111558,2714,2712,155,158
20221022_111558,2720,2712,161,158
20221022_111558,2676,2712,167,158
20221022_111558,2750,2712,155,158
20221022_111558,2729,2712,170,158
20221022_111558,2738,2713,167,158
20221022_111558,2748,2714,166,158
20221022_111558,2664,2714,161,158
20221022_111559,2721,2713,158,158
20221022_111559,2681,2713,154,158
20221022_111559,2673,2712,160,158
20221022_111559,2671,2711,158,158
20221022_111559,2741,2712,169,159
20221022_111559,2705,2711,163,159
20221022_111559,2730,2711,164,159
20221022_111559,2718,2710,156,159
20221022_111559,2709,2711,158,159
20221022_111559,2713,2711,158,159
20221022_111559,2728,2710,157,159
20221022_111600,2753,2710,171,159
20221022_111600,2736,2710,167,159
20221022_111600,2731,2711,169,159
20221022_111600,2736,2712,149,159
20221022_111600,2719,2712,165,159
20221022_111600,2686,2713,158,159
20221022_111600,2714,2712,163,159
20221022_111600,2798,2714,161,159
20221022_111600,2701,2714,165,159
20221022_111600,2720,2714,161,159
20221022_111601,2703,2714,152,159
20221022_111601,2695,2714,166,159
20221022_111601,2701,2714,164,160
20221022_111601,2737,2715,163,160
20221022_111601,2698,2714,163,160
20221022_111601,2710,2715,155,160
20221022_111601,2769,2717,159,160
20221022_111601,2715,2717,163,160
20221022_111601,2735,2717,170,161
20221022_111601,2674,2715,155,161
20221022_111601,2714,2716,159,160
20221022_111602,2680,2716,161,160
20221022_111602,2689,2715,173,161
20221022_111602,2735,2715,156,161
20221022_111602,2744,2716,160,161
20221022_111602,2798,2718,157,161
20221022_111602,2718,2717,159,161
20221022_111602,2692,2716,166,161
20221022_111602,2727,2716,156,161
20221022_111602,2680,2716,166,161
20221022_111602,2795,2719,158,161
20221022_111602,2735,2718,156,161
20221022_111603,2686,2718,148,161
20221022_111603,2726,2718,158,161
20221022_111603,2736,2719,163,160
20221022_111603,2676,2718,163,161
20221022_111603,2723,2718,160,160
20221022_111603,2690,2717,148,160
20221022_111603,2672,2715,167,160
20221022_111603,2679,2716,154,160
20221022_111603,2731,2716,154,160
20221022_111603,2753,2717,165,160
20221022_111603,2720,2718,157,160
20221022_111604,2694,2718,152,160
20221022_111604,2714,2718,152,160
20221022_111604,2714,2718,157,159
20221022_111604,2719,2718,163,159
20221022_111604,2726,2718,170,160
20221022_111604,2757,2719,150,160
20221022_111604,2721,2719,164,160
20221022_111604,2704,2719,165,160
20221022_111604,2727,2718,159,160
20221022_111604,2694,2717,161,159
20221022_111605,2725,2717,160,159
20221022_111605,2706,2717,158,159
20221022_111605,2770,2718,159,159
20221022_111605,2725,2718,148,159
20221022_111605,2745,2719,169,159
20221022_111605,2704,2717,157,159
20221022_111605,2711,2717,164,159
20221022_111605,2724,2717,158,159
20221022_111605,2700,2717,161,159
20221022_111605,2736,2718,164,159
20221022_111605,2718,2719,166,159
20221022_111606,2741,2719,158,159
20221022_111606,2709,2719,161,159
20221022_111606,2728,2719,164,159
20221022_111606,2699,2718,161,159
20221022_111606,2683,2717,158,159
20221022_111606,2723,2717,167,159
20221022_111606,2748,2718,174,160
20221022_111606,2754,2719,157,160
20221022_111606,2674,2719,170,160
20221022_111606,2772,2721,159,159
20221022_111606,2747,2721,160,160
20221022_111607,2683,2720,153,159
20221022_111607,2730,2718,166,160
20221022_111607,2764,2719,153,159
20221022_111607,2729,2720,150,159
20221022_111607,2710,2720,157,159
20221022_111607,2701,2720,156,159
20221022_111607,2761,2719,159,159
20221022_111607,2700,2719,164,159
20221022_111607,2700,2719,154,159
20221022_111607,2749,2719,157,159
20221022_111607,2732,2719,168,159
20221022_111608,2767,2721,150,159
20221022_111608,2739,2722,165,159
20221022_111608,2734,2722,165,160
20221022_111608,2711,2723,161,159
20221022_111608,2736,2724,161,160
20221022_111608,2655,2723,164,160
20221022_111608,2731,2722,161,160
20221022_111608,2681,2722,165,160
20221022_111608,2690,2721,160,160
20221022_111608,2733,2722,161,160
20221022_111608,2720,2722,158,160
20221022_111609,2672,2721,157,160
20221022_111609,2668,2720,165,160
20221022_111609,2715,2719,157,160
20221022_111609,2735,2719,171,160
20221022_111609,2717,2720,161,160
20221022_111609,2714,2719,158,160
20221022_111609,2690,2719,165,160
20221022_111609,2741,2720,161,160
20221022_111609,2728,2720,167,160
20221022_111609,2757,2720,161,160
20221022_111610,2740,2720,161,161
20221022_111610,2692,2719,165,161
20221022_111610,2755,2720,161,161
20221022_111610,2695,2720,159,161
20221022_111610,2727,2720,154,161
20221022_111610,2777,2721,155,160
20221022_111610,2689,2720,165,160
20221022_111610,2703,2720,168,160
20221022_111610,2756,2720,174,161
20221022_111610,2720,2721,164,161
20221022_111610,2733,2721,161,161
20221022_111611,2714,2721,164,161
20221022_111611,2686,2721,163,161
20221022_111611,2729,2721,161,161
20221022_111611,2730,2721,157,160
20221022_111611,2729,2720,158,160
20221022_111611,2691,2721,161,160
20221022_111611,2725,2720,161,160
20221022_111611,2715,2719,148,160
20221022_111611,2721,2720,161,160
20221022_111611,2713,2720,167,160
20221022_111611,2737,2719,163,160
20221022_111612,2693,2718,161,161
20221022_111612,2656,2717,169,161
20221022_111612,2709,2717,155,161
20221022_111612,2675,2716,160,161
20221022_111612,2744,2717,152,161
20221022_111612,2731,2717,156,161
20221022_111612,2725,2717,160,161
20221022_111612,2715,2716,163,161
20221022_111612,2709,2715,163,161
20221022_111612,2715,2715,163,161
20221022_111612,2727,2715,159,161
20221022_111613,2766,2716,165,161
20221022_111613,2729,2716,164,161
20221022_111613,2759,2718,164,161
20221022_111613,2731,2718,169,161
20221022_111613,2766,2719,157,161
20221022_111613,2757,2721,160,161
20221022_111613,2773,2721,156,161
20221022_111613,2709,2721,168,161
20221022_111613,2748,2723,166,161
20221022_111613,2744,2724,151,161
20221022_111613,2734,2724,165,161
20221022_111614,2700,2724,166,161
20221022_111614,2696,2723,159,161
20221022_111614,2744,2724,164,161
20221022_111614,2685,2724,154,161
20221022_111614,2709,2723,155,161
20221022_111614,2707,2723,161,161
20221022_111614,2697,2722,165,161
20221022_111614,2758,2722,164,161
20221022_111614,2659,2721,157,161
20221022_111614,2712,2721,159,161
20221022_111615,2750,2722,157,161
20221022_111615,2716,2721,166,161
20221022_111615,2681,2720,159,161
20221022_111615,2739,2720,154,161
20221022_111615,2726,2721,166,161
20221022_111615,2761,2721,160,160
20221022_111615,2712,2721,158,160
20221022_111615,2716,2721,165,160
20221022_111615,2760,2721,156,160
20221022_111615,2725,2722,159,160
20221022_111615,2724,2722,157,160
20221022_111616,2736,2722,154,160
20221022_111616,2719,2722,164,160
20221022_111616,2723,2723,169,160
20221022_111616,2720,2723,171,160
20221022_111616,2731,2723,161,161
20221022_111616,2685,2722,170,161
20221022_111616,2738,2723,166,161
20221022_111616,2751,2723,167,161
20221022_111616,2728,2724,161,161
20221022_111616,2716,2725,165,161
20221022_111616,2704,2725,167,161
20221022_111617,2775,2727,166,161
20221022_111617,2759,2727,145,161
20221022_111617,2744,2727,163,161
20221022_111617,2762,2728,169,161
20221022_111617,2753,2729,159,161
20221022_111617,2744,2729,157,161
20221022_111617,2718,2729,160,161
20221022_111617,2765,2730,159,161
20221022_111617,2736,2730,160,161
20221022_111617,2713,2729,165,161
20221022_111617,2691,2728,169,161
20221022_111618,2756,2728,152,161
20221022_111618,2730,2728,153,161
20221022_111618,2745,2727,166,161
20221022_111618,2727,2727,166,161
20221022_111618,2707,2727,158,161
20221022_111618,2753,2727,163,161
20221022_111618,2745,2727,173,161
20221022_111618,2759,2727,161,161
20221022_111618,2741,2728,155,161
20221022_111618,2770,2729,165,161
20221022_111619,2759,2730,161,161
20221022_111619,2775,2731,158,161
20221022_111619,2756,2732,164,161
20221022_111619,2756,2733,158,161
20221022_111619,2741,2734,158,161
20221022_111619,2741,2734,173,161
20221022_111619,2752,2736,161,161
20221022_111619,2751,2736,153,161
20221022_111619,2769,2737,161,161
20221022_111619,2817,2739,154,161
20221022_111619,2752,2740,157,161
20221022_111620,2741,2740,158,161
20221022_111620,2760,2741,164,161
20221022_111620,2730,2740,158,161
20221022_111620,2753,2741,169,161
20221022_111620,2786,2742,164,161
20221022_111620,2718,2742,161,161
20221022_111620,2738,2742,161,161
20221022_111620,2765,2743,163,161
20221022_111620,2723,2742,167,162
20221022_111620,2762,2743,166,162
20221022_111620,2739,2744,176,162
20221022_111621,2758,2744,161,162
20221022_111621,2785,2745,157,162
20221022_111621,2780,2747,166,161
20221022_111621,2733,2747,165,161
20221022_111621,2775,2748,167,161
20221022_111621,2782,2749,159,161
20221022_111621,2760,2750,169,161
20221022_111621,2756,2751,155,161
20221022_111621,2723,2750,156,161
20221022_111621,2733,2749,174,162
20221022_111621,2755,2749,160,162
20221022_111622,2768,2749,171,162
20221022_111622,2723,2749,161,162
20221022_111622,2776,2749,169,162
20221022_111622,2767,2750,156,162
20221022_111622,2759,2750,161,162
20221022_111622,2753,2751,160,162
20221022_111622,2814,2753,167,162
20221022_111622,2716,2753,159,162
20221022_111622,2721,2752,159,162
20221022_111622,2784,2753,164,162
20221022_111622,2742,2753,159,162
20221022_111623,2739,2754,173,162
20221022_111623,2762,2755,167,162
20221022_111623,2752,2755,164,162
20221022_111623,2717,2754,160,162
20221022_111623,2772,2754,163,162
20221022_111623,2755,2755,168,162
20221022_111623,2741,2754,163,162
20221022_111623,2726,2753,161,162
20221022_111623,2735,2753,169,162
20221022_111623,2784,2753,158,162
20221022_111624,2769,2753,169,163
20221022_111624,2734,2753,172,163
20221022_111624,2754,2754,165,163
20221022_111624,2759,2754,163,163
20221022_111624,2711,2753,170,163
20221022_111624,2740,2752,152,163
20221022_111624,2709,2750,154,163
20221022_111624,2741,2750,161,163
20221022_111624,2728,2750,154,163
20221022_111624,2712,2749,154,163
20221022_111624,2755,2749,168,163
20221022_111625,2762,2750,147,162
20221022_111625,2718,2748,167,162
20221022_111625,2751,2749,149,162
20221022_111625,2725,2749,165,162
20221022_111625,2747,2748,163,162
20221022_111625,2758,2749,170,162
20221022_111625,2795,2750,164,162
20221022_111625,2737,2750,152,162
20221022_111625,2755,2749,158,162
20221022_111625,2749,2749,152,162
20221022_111625,2744,2748,156,162
20221022_111626,2767,2749,166,162
20221022_111626,2773,2749,148,161
20221022_111626,2740,2748,163,161
20221022_111626,2691,2747,164,161
20221022_111626,2751,2746,158,161
20221022_111626,2766,2747,156,161
20221022_111626,2779,2748,151,161
20221022_111626,2744,2748,150,161
20221022_111626,2780,2748,156,160
20221022_111626,2729,2748,168,160
20221022_111626,2736,2748,160,160
20221022_111627,2752,2747,166,160
20221022_111627,2744,2747,151,160
20221022_111627,2750,2747,155,160
20221022_111627,2727,2745,166,160
20221022_111627,2831,2747,154,160
20221022_111627,2717,2747,165,160
20221022_111627,2742,2747,156,160
20221022_111627,2759,2747,160,160
20221022_111627,2750,2747,161,160
20221022_111627,2735,2747,151,159
20221022_111627,2796,2747,151,159
20221022_111628,2780,2749,154,159
20221022_111628,2752,2748,159,159
20221022_111628,2782,2749,163,159
20221022_111628,2754,2749,176,159
20221022_111628,2748,2749,170,159
20221022_111628,2775,2750,163,159
20221022_111628,2818,2751,160,159
20221022_111628,2778,2751,170,159
20221022_111628,2780,2752,161,159
20221022_111628,2762,2752,163,159
20221022_111629,2751,2752,160,159
20221022_111629,2748,2753,159,159
20221022_111629,2751,2753,151,159
20221022_111629,2750,2754,159,159
20221022_111629,2778,2754,170,159
20221022_111629,2731,2755,166,159
20221022_111629,2761,2755,154,159
20221022_111629,2712,2755,172,159
20221022_111629,2725,2754,161,160
20221022_111629,2751,2755,165,160
20221022_111629,2775,2755,163,160
20221022_111630,2724,2755,163,160
20221022_111630,2784,2756,167,160
20221022_111630,2733,2755,161,160
20221022_111630,2759,2755,165,160
20221022_111630,2772,2755,159,160
20221022_111630,2710,2754,165,160
20221022_111630,2729,2754,160,160
20221022_111630,2801,2755,164,160
20221022_111630,2721,2754,165,160
20221022_111630,2703,2753,155,160
20221022_111630,2758,2753,166,160
20221022_111631,2748,2754,168,161
20221022_111631,2737,2754,159,161
20221022_111631,2714,2753,159,161
20221022_111631,2741,2752,159,161
20221022_111631,2744,2752,153,161
20221022_111631,2744,2752,156,161
20221022_111631,2726,2751,168,161
20221022_111631,2759,2752,165,161
20221022_111631,2748,2752,157,161
20221022_111631,2754,2752,161,161
20221022_111631,2834,2754,161,161
20221022_111632,2705,2753,174,161
20221022_111632,2737,2751,167,161
20221022_111632,2753,2752,154,161
20221022_111632,2705,2751,168,161
20221022_111632,2727,2751,165,162
20221022_111632,2739,2751,158,162
20221022_111632,2716,2750,164,162
20221022_111632,2716,2749,175,162
20221022_111632,2789,2749,170,163
20221022_111632,2760,2749,156,163
20221022_111633,2756,2748,157,162
20221022_111633,2712,2748,165,162
20221022_111633,2758,2748,161,162
20221022_111633,2774,2748,167,162
20221022_111633,2727,2746,155,162
20221022_111633,2709,2745,159,162
20221022_111633,2730,2744,164,162
20221022_111633,2795,2744,155,162
20221022_111633,2721,2744,164,162
20221022_111633,2764,2744,167,162
20221022_111633,2774,2744,159,162
20221022_111634,2765,2745,163,162
20221022_111634,2732,2744,156,162
20221022_111634,2767,2745,160,162
20221022_111634,2736,2744,158,162
20221022_111634,2733,2744,154,161
20221022_111634,2713,2744,165,162
20221022_111634,2800,2745,160,161
20221022_111634,2741,2745,163,161
20221022_111634,2717,2744,168,162
20221022_111634,2836,2745,161,161
20221022_111634,2692,2745,157,161
20221022_111635,2760,2745,160,161
20221022_111635,2757,2744,157,161
20221022_111635,2740,2745,155,161
20221022_111635,2732,2745,172,161
20221022_111635,2730,2744,170,161
20221022_111635,2718,2744,159,161
20221022_111635,2786,2745,159,161
20221022_111635,2734,2745,157,161
20221022_111635,2759,2745,161,161
20221022_111635,2752,2745,158,161
20221022_111635,2719,2745,152,161
20221022_111636,2756,2746,166,161
20221022_111636,2744,2746,160,161
20221022_111636,2726,2745,147,161
20221022_111636,2745,2746,167,161
20221022_111636,2785,2746,168,161
20221022_111636,2759,2746,153,161
20221022_111636,2744,2746,160,161
20221022_111636,2802,2746,152,161
20221022_111636,2720,2746,160,160
20221022_111636,2756,2746,159,160
20221022_111637,2758,2746,165,161
20221022_111637,2766,2747,163,160
20221022_111637,2746,2748,163,160
20221022_111637,2757,2748,165,161
20221022_111637,2749,2749,164,161
20221022_111637,2721,2749,156,160
20221022_111637,2748,2748,170,160
20221022_111637,2733,2748,154,160
20221022_111637,2723,2747,159,160
20221022_111637,2720,2747,160,160
20221022_111637,2760,2747,163,160
20221022_111638,2734,2746,165,160
20221022_111638,2746,2747,169,160
20221022_111638,2731,2747,163,160
20221022_111638,2721,2747,161,160
20221022_111638,2756,2746,164,161
20221022_111638,2695,2746,167,161
20221022_111638,2750,2745,164,161
20221022_111638,2791,2746,152,160
20221022_111638,2772,2746,166,160
20221022_111638,2730,2746,163,161
20221022_111638,2750,2746,158,161
20221022_111639,2723,2745,152,160
20221022_111639,2747,2746,160,161
20221022_111639,2751,2746,164,161
20221022_111639,2797,2746,166,161
20221022_111639,2756,2747,167,161
20221022_111639,2740,2747,167,161
20221022_111639,2735,2745,165,161
20221022_111639,2737,2746,161,161
20221022_111639,2711,2745,155,161
20221022_111639,2759,2745,157,161
20221022_111639,2712,2744,168,161
20221022_111640,2714,2744,156,161
20221022_111640,2795,2745,161,161
20221022_111640,2776,2747,152,160
20221022_111640,2731,2745,172,161
20221022_111640,2734,2745,163,161
20221022_111640,2744,2745,161,161
20221022_111640,2737,2745,152,161
20221022_111640,2723,2745,160,161
20221022_111640,2792,2746,167,161
20221022_111640,2724,2745,154,161
20221022_111640,2735,2745,166,161
20221022_111641,2780,2746,153,161
20221022_111641,2739,2745,147,160
20221022_111641,2768,2745,158,160
20221022_111641,2748,2745,161,160
20221022_111641,2802,2745,171,161
20221022_111641,2742,2746,161,161
20221022_111641,2765,2746,159,161
20221022_111641,2737,2746,160,161
20221022_111641,2812,2747,158,161
20221022_111641,2767,2747,161,161
20221022_111642,2766,2747,164,161
20221022_111642,2751,2747,167,161
20221022_111642,2728,2747,165,161
20221022_111642,2765,2748,150,160
20221022_111642,2785,2749,157,161
20221022_111642,2782,2750,157,160
20221022_111642,2729,2750,159,160
20221022_111642,2754,2750,157,160
20221022_111642,2700,2749,151,160
20221022_111642,2748,2749,153,160
20221022_111642,2759,2750,158,160
20221022_111643,2723,2750,167,160
20221022_111643,2727,2749,160,160
20221022_111643,2755,2750,159,160
20221022_111643,2736,2750,168,160
20221022_111643,2732,2749,165,160
20221022_111643,2724,2748,163,160
20221022_111643,2726,2748,168,160
20221022_111643,2735,2748,159,160
20221022_111643,2735,2748,165,160
20221022_111643,2714,2747,161,160
20221022_111643,2762,2748,164,160
20221022_111644,2711,2746,164,160
20221022_111644,2737,2745,155,160
20221022_111644,2755,2746,157,160
20221022_111644,2752,2746,153,160
20221022_111644,2710,2746,160,159
20221022_111644,2796,2747,156,160
20221022_111644,2764,2747,158,160
20221022_111644,2778,2749,154,159
20221022_111644,2771,2750,170,160
20221022_111644,2762,2749,163,160
20221022_111644,2762,2749,164,160
20221022_111645,2732,2749,160,160
20221022_111645,2795,2750,168,160
20221022_111645,2808,2751,166,160
20221022_111645,2759,2752,170,160
20221022_111645,2747,2752,157,160
20221022_111645,2762,2752,168,160
20221022_111645,2735,2752,150,160
20221022_111645,2745,2752,165,160
20221022_111645,2739,2751,173,160
20221022_111645,2723,2751,166,161
20221022_111645,2740,2750,161,161
20221022_111646,2739,2750,170,161
20221022_111646,2737,2749,160,161
20221022_111646,2735,2749,175,161
20221022_111646,2721,2748,156,161
20221022_111646,2760,2748,172,161
20221022_111646,2794,2748,164,161
20221022_111646,2794,2749,152,161
20221022_111646,2765,2748,169,161
20221022_111646,2688,2747,161,161
20221022_111646,2756,2748,168,161
20221022_111647,2775,2748,160,161
20221022_111647,2738,2747,159,161
20221022_111647,2697,2745,156,161
20221022_111647,2724,2745,167,162
20221022_111647,2748,2745,173,162
20221022_111647,2760,2746,156,162
20221022_111647,2764,2747,164,162
20221022_111647,2758,2747,172,162
20221022_111647,2713,2746,156,162
20221022_111647,2732,2747,157,162
20221022_111647,2734,2746,168,162
20221022_111648,2719,2746,166,162
20221022_111648,2711,2745,157,162
20221022_111648,2790,2747,152,162
20221022_111648,2751,2747,157,162
20221022_111648,2786,2748,154,162
20221022_111648,2725,2748,155,161
20221022_111648,2751,2749,159,161
20221022_111648,2727,2748,165,161
20221022_111648,2811,2750,166,161
20221022_111648,2735,2750,166,162
20221022_111648,2750,2750,167,162
20221022_111649,2751,2750,171,162
20221022_111649,2697,2750,166,162
20221022_111649,2731,2748,164,163
20221022_111649,2781,2749,168,163
20221022_111649,2708,2747,170,163
20221022_111649,2798,2748,159,163
20221022_111649,2749,2748,171,163
20221022_111649,2774,2748,168,163
20221022_111649,2797,2749,165,163
20221022_111649,2728,2748,157,163
20221022_111649,2718,2746,170,163
20221022_111650,2768,2746,165,163
20221022_111650,2736,2746,161,163
20221022_111650,2715,2745,164,163
20221022_111650,2759,2745,165,163
20221022_111650,2708,2745,166,163
20221022_111650,2777,2746,163,163
20221022_111650,2747,2746,170,163
20221022_111650,2723,2746,168,163
20221022_111650,2748,2746,164,163
20221022_111650,2759,2746,155,163
20221022_111651,2720,2746,156,163
20221022_111651,2733,2746,161,163
20221022_111651,2720,2745,161,163
20221022_111651,2745,2744,174,163
20221022_111651,2787,2744,169,163
20221022_111651,2756,2744,163,163
20221022_111651,2666,2744,166,163
20221022_111651,2781,2744,169,163
20221022_111651,2700,2743,160,163
20221022_111651,2729,2743,171,163
20221022_111651,2741,2743,159,163
20221022_111652,2716,2743,157,163
20221022_111652,2755,2743,171,163
20221022_111652,2766,2744,165,163
20221022_111652,2765,2744,164,163
20221022_111652,2741,2743,163,163
20221022_111652,2755,2744,173,163
20221022_111652,2724,2744,171,164
20221022_111652,2806,2745,153,163
20221022_111652,2766,2746,164,163
20221022_111652,2723,2746,159,163
20221022_111652,2717,2745,159,164
20221022_111653,2772,2745,160,164
20221022_111653,2762,2745,157,164
20221022_111653,2711,2745,163,164
20221022_111653,2764,2745,159,164
20221022_111653,2769,2746,149,164
20221022_111653,2751,2745,169,164
20221022_111653,2759,2745,160,163
20221022_111653,2788,2746,170,164
20221022_111653,2718,2745,163,163
20221022_111653,2775,2747,164,163
20221022_111653,2775,2748,164,163
20221022_111654,2732,2747,163,163
20221022_111654,2739,2747,163,163
20221022_111654,2806,2747,165,163
20221022_111654,2747,2747,164,163
20221022_111654,2706,2746,159,163
20221022_111654,2749,2745,151,163
20221022_111654,2713,2745,167,163
20221022_111654,2816,2747,161,163
20221022_111654,2736,2746,159,163
20221022_111654,2780,2747,171,163
20221022_111654,2774,2748,157,163
20221022_111655,2714,2747,175,163
20221022_111655,2718,2747,157,163
20221022_111655,2737,2747,159,163
20221022_111655,2723,2746,156,162
20221022_111655,2768,2747,163,162
20221022_111655,2744,2747,163,162
20221022_111655,2720,2746,157,162
20221022_111655,2750,2747,167,162
20221022_111655,2732,2747,150,162
20221022_111655,2753,2747,166,162
20221022_111656,2770,2748,163,162
20221022_111656,2755,2747,179,162
20221022_111656,2782,2748,156,162
20221022_111656,2807,2750,166,162
20221022_111656,2742,2750,164,162
20221022_111656,2730,2750,155,162
20221022_111656,2775,2751,161,162
20221022_111656,2695,2750,159,162
20221022_111656,2764,2751,163,162
20221022_111656,2750,2751,156,162
20221022_111656,2697,2750,165,162
20221022_111657,2726,2749,168,162
20221022_111657,2727,2749,170,162
20221022_111657,2747,2749,157,161
20221022_111657,2720,2749,160,161
20221022_111657,2747,2747,165,161
20221022_111657,2745,2747,172,162
20221022_111657,2714,2747,167,162
20221022_111657,2734,2747,175,162
20221022_111657,2770,2747,160,162
20221022_111657,2759,2747,152,162
20221022_111657,2766,2748,173,162
20221022_111658,2779,2748,161,162
20221022_111658,2734,2748,165,163
20221022_111658,2694,2747,152,162
20221022_111658,2764,2747,170,162
20221022_111658,2737,2746,166,162
20221022_111658,2747,2746,166,162
20221022_111658,2769,2746,168,162
20221022_111658,2701,2745,164,162
20221022_111658,2741,2745,165,163
20221022_111658,2794,2746,157,162
20221022_111658,2751,2745,168,162
20221022_111659,2744,2745,159,162
20221022_111659,2755,2746,163,162
20221022_111659,2711,2745,166,163
20221022_111659,2791,2747,168,163
20221022_111659,2789,2746,159,163
20221022_111659,2687,2745,168,163
20221022_111659,2740,2744,157,163
20221022_111659,2742,2744,164,163
20221022_111659,2756,2744,161,162
20221022_111659,2741,2745,167,163
20221022_111700,2771,2746,166,163
20221022_111700,2795,2747,154,163
20221022_111700,2742,2746,161,163
20221022_111700,2737,2746,163,163
20221022_111700,2785,2748,158,163
20221022_111700,2733,2747,161,163
20221022_111700,2766,2748,160,163
20221022_111700,2689,2747,163,163
20221022_111700,2723,2746,167,163
20221022_111700,2732,2745,158,162
20221022_111700,2771,2745,159,162
20221022_111701,2714,2743,165,162
20221022_111701,2714,2743,169,163
20221022_111701,2809,2744,169,163
20221022_111701,2774,2744,163,163
20221022_111701,2713,2745,151,163
20221022_111701,2735,2744,155,163
20221022_111701,2797,2745,168,163
20221022_111701,2753,2746,160,163
20221022_111701,2708,2746,159,163
20221022_111701,2742,2746,156,162
20221022_111701,2748,2746,164,162
20221022_111702,2762,2747,155,162
20221022_111702,2762,2747,155,162
20221022_111702,2709,2746,172,162
20221022_111702,2724,2747,167,162
20221022_111702,2766,2747,171,162
20221022_111702,2720,2746,158,162
20221022_111702,2689,2745,157,162
20221022_111702,2769,2745,164,162
20221022_111702,2735,2744,159,162
20221022_111702,2741,2744,164,162
20221022_111702,2684,2744,172,162
20221022_111703,2738,2744,156,162
20221022_111703,2755,2744,176,162
20221022_111703,2733,2744,157,162
20221022_111703,2724,2743,174,162
20221022_111703,2739,2743,157,162
20221022_111703,2727,2743,160,162
20221022_111703,2757,2742,159,162
20221022_111703,2768,2743,161,162
20221022_111703,2765,2743,168,162
20221022_111703,2737,2743,157,162
20221022_111703,2677,2742,165,162
20221022_111704,2727,2741,157,162
20221022_111704,2765,2740,157,162
20221022_111704,2782,2742,160,161
20221022_111704,2725,2742,158,161
20221022_111704,2759,2742,156,161
20221022_111704,2706,2741,163,161
20221022_111704,2714,2741,163,161
20221022_111704,2750,2740,176,161
20221022_111704,2728,2739,161,162
20221022_111704,2667,2738,164,162
20221022_111705,2775,2738,161,162
20221022_111705,2718,2737,158,162
20221022_111705,2739,2737,166,162
20221022_111705,2771,2737,174,162
20221022_111705,2800,2740,171,162
20221022_111705,2764,2740,163,162
20221022_111705,2749,2741,166,162
20221022_111705,2708,2739,165,162
20221022_111705,2730,2740,164,162
20221022_111705,2713,2740,163,162
20221022_111705,2726,2738,159,162
20221022_111706,2764,2738,165,162
20221022_111706,2744,2738,166,162
20221022_111706,2748,2739,156,162
20221022_111706,2707,2737,157,162
20221022_111706,2795,2738,164,162
20221022_111706,2729,2738,165,162
20221022_111706,2733,2738,164,162
20221022_111706,2732,2738,167,163
20221022_111706,2758,2738,153,162
20221022_111706,2739,2737,160,163
20221022_111706,2732,2738,166,162
20221022_111707,2759,2738,167,162
20221022_111707,2753,2738,154,162
20221022_111707,2712,2738,161,162
20221022_111707,2735,2739,156,162
20221022_111707,2725,2738,158,162
20221022_111707,2751,2738,156,162
20221022_111707,2739,2738,149,162
20221022_111707,2732,2739,165,162
20221022_111707,2711,2739,175,162
20221022_111707,2776,2739,171,162
20221022_111707,2777,2740,158,162
20221022_111708,2785,2741,170,162
20221022_111708,2727,2741,158,162
20221022_111708,2724,2741,164,162
20221022_111708,2745,2741,160,162
20221022_111708,2737,2740,173,162
20221022_111708,2750,2740,156,162
20221022_111708,2704,2739,164,162
20221022_111708,2748,2740,159,162
20221022_111708,2729,2740,170,162
20221022_111708,2738,2740,166,162
20221022_111708,2731,2739,168,162
20221022_111709,2748,2739,149,162
20221022_111709,2732,2739,157,162
20221022_111709,2695,2739,160,162
20221022_111709,2769,2740,154,162
20221022_111709,2724,2739,159,162
20221022_111709,2753,2740,154,162
20221022_111709,2730,2741,158,162
20221022_111709,2738,2740,161,162
20221022_111709,2710,2740,167,162
20221022_111709,2724,2740,161,162
20221022_111710,2769,2740,164,161
20221022_111710,2746,2739,159,161
20221022_111710,2727,2738,171,161
20221022_111710,2754,2738,164,161
20221022_111710,2731,2738,178,162
20221022_111710,2714,2738,153,161
20221022_111710,2766,2739,159,161
20221022_111710,2734,2739,161,161
20221022_111710,2781,2740,158,161
20221022_111710,2730,2739,172,161
20221022_111710,2753,2740,159,161
20221022_111711,2752,2740,161,161
20221022_111711,2718,2739,165,161
20221022_111711,2735,2739,163,161
20221022_111711,2737,2739,159,161
20221022_111711,2735,2739,179,162
20221022_111711,2748,2739,160,162
20221022_111711,2775,2740,159,162
20221022_111711,2723,2739,163,162
20221022_111711,2728,2739,153,161
20221022_111711,2731,2738,164,161
20221022_111711,2747,2739,145,161
20221022_111712,2779,2740,174,162
20221022_111712,2717,2740,156,161
20221022_111712,2719,2739,153,161
20221022_111712,2732,2739,169,162
20221022_111712,2761,2740,169,162
20221022_111712,2780,2741,161,162
20221022_111712,2808,2742,175,162
20221022_111712,2744,2741,157,162
20221022_111712,2760,2740,157,161
20221022_111712,2753,2741,164,162
20221022_111712,2723,2741,170,162
20221022_111713,2747,2741,163,162
20221022_111713,2745,2741,159,161
20221022_111713,2735,2741,167,162
20221022_111713,2742,2742,157,162
20221022_111713,2721,2741,169,162
20221022_111713,2727,2741,164,162
20221022_111713,2718,2741,160,161
20221022_111713,2780,2742,157,161
20221022_111713,2750,2742,164,162
20221022_111713,2726,2742,160,162
20221022_111713,2737,2742,169,162
20221022_111714,2719,2741,168,162
20221022_111714,2766,2742,173,162
20221022_111714,2776,2743,154,162
20221022_111714,2767,2743,154,162
20221022_111714,2710,2743,164,162
20221022_111714,2757,2744,163,162
20221022_111714,2821,2746,163,162
20221022_111714,2752,2745,152,162
20221022_111714,2756,2746,171,162
20221022_111714,2768,2746,158,162
20221022_111715,2689,2745,154,162
20221022_111715,2775,2746,161,162
20221022_111715,2730,2746,154,162
20221022_111715,2772,2746,166,162
20221022_111715,2728,2746,156,162
20221022_111715,2731,2745,158,162
20221022_111715,2753,2746,165,161
20221022_111715,2755,2746,169,162
20221022_111715,2747,2746,159,162
20221022_111715,2741,2746,160,161
20221022_111715,2721,2746,161,161
20221022_111716,2755,2746,174,162
20221022_111716,2741,2746,166,161
20221022_111716,2741,2746,164,162
20221022_111716,2788,2746,166,162
20221022_111716,2674,2745,167,162
20221022_111716,2733,2746,158,162
20221022_111716,2724,2745,158,162
20221022_111716,2741,2745,160,162
20221022_111716,2716,2744,173,162
20221022_111716,2719,2744,168,162
20221022_111716,2767,2745,165,163
20221022_111717,2725,2745,167,162
20221022_111717,2776,2745,163,162
20221022_111717,2758,2745,172,163
20221022_111717,2731,2743,167,162
20221022_111717,2728,2743,173,163
20221022_111717,2739,2743,157,163
20221022_111717,2714,2742,159,163
20221022_111717,2751,2742,163,162
20221022_111717,2751,2742,169,163
20221022_111717,2772,2743,156,163
20221022_111717,2782,2744,156,162
20221022_111718,2750,2744,168,163
20221022_111718,2767,2745,179,163
20221022_111718,2725,2745,159,163
20221022_111718,2721,2745,176,163
20221022_111718,2739,2744,151,163
20221022_111718,2696,2743,157,163
20221022_111718,2733,2743,166,163
20221022_111718,2706,2743,166,163
20221022_111718,2714,2742,149,162
20221022_111718,2691,2741,158,162
20221022_111719,2737,2740,159,162
20221022_111719,2738,2740,171,163
20221022_111719,2709,2740,164,163
20221022_111719,2731,2739,156,162
20221022_111719,2699,2737,166,162
20221022_111719,2742,2737,156,163
20221022_111719,2727,2736,167,162
20221022_111719,2717,2735,160,162
20221022_111719,2748,2736,164,163
20221022_111719,2778,2736,166,163
20221022_111719,2752,2737,150,163
20221022_111720,2733,2736,165,163
20221022_111720,2706,2735,164,163
20221022_111720,2770,2736,163,163
20221022_111720,2699,2735,175,163
20221022_111720,2771,2735,172,163
20221022_111720,2787,2736,170,163
20221022_111720,2744,2736,164,163
20221022_111720,2729,2736,151,163
20221022_111720,2735,2736,158,163
20221022_111720,2697,2735,165,163
20221022_111720,2791,2736,170,163
20221022_111721,2740,2735,166,163
20221022_111721,2706,2736,160,163
20221022_111721,2725,2736,168,163
20221022_111721,2748,2736,161,163
20221022_111721,2776,2737,169,163
20221022_111721,2764,2738,163,163
20221022_111721,2765,2739,173,163
20221022_111721,2712,2738,157,163
20221022_111721,2749,2738,160,163
20221022_111721,2747,2738,164,163
20221022_111721,2726,2737,157,163
20221022_111722,2759,2737,157,163
20221022_111722,2760,2738,170,162
20221022_111722,2742,2738,160,163
20221022_111722,2740,2739,159,163
20221022_111722,2708,2738,163,163
20221022_111722,2731,2737,156,162
20221022_111722,2764,2737,157,162
20221022_111722,2719,2736,169,163
20221022_111722,2745,2736,167,163
20221022_111722,2691,2734,176,162
20221022_111723,2747,2735,159,162
20221022_111723,2716,2735,169,162
20221022_111723,2766,2735,171,163
20221022_111723,2767,2737,154,163
20221022_111723,2766,2737,165,163
20221022_111723,2747,2738,169,163
20221022_111723,2723,2738,157,163
20221022_111723,2726,2739,165,163
20221022_111723,2738,2739,167,163
20221022_111723,2770,2740,161,163
20221022_111723,2747,2740,161,163
20221022_111724,2748,2741,164,163
20221022_111724,2737,2741,159,163
20221022_111724,2664,2740,156,163
20221022_111724,2755,2741,159,163
20221022_111724,2748,2741,163,163
20221022_111724,2761,2741,155,163
20221022_111724,2707,2740,164,163
20221022_111724,2748,2740,160,163
20221022_111724,2752,2740,170,163
20221022_111724,2767,2741,163,163
20221022_111724,2741,2741,160,163
20221022_111725,2706,2741,160,163
20221022_111725,2747,2741,168,162
20221022_111725,2723,2739,161,162
20221022_111725,2753,2739,166,162
20221022_111725,2765,2740,160,162
20221022_111725,2731,2740,166,163
20221022_111725,2708,2740,161,163
20221022_111725,2758,2740,159,162
20221022_111725,2746,2740,161,162
20221022_111725,2762,2741,170,162
20221022_111725,2745,2741,159,162
20221022_111726,2730,2741,157,162
20221022_111726,2792,2741,170,162
20221022_111726,2739,2741,159,162
20221022_111726,2745,2740,170,162
20221022_111726,2718,2740,153,162
20221022_111726,2753,2741,169,162
20221022_111726,2765,2741,158,162
20221022_111726,2766,2742,161,162
20221022_111726,2770,2742,154,162
20221022_111726,2758,2742,160,162
20221022_111726,2719,2741,167,162
20221022_111727,2717,2741,165,162
20221022_111727,2748,2742,158,162
20221022_111727,2749,2742,172,162
20221022_111727,2709,2741,172,163
20221022_111727,2747,2742,157,162
20221022_111727,2727,2741,159,162
20221022_111727,2755,2742,164,162
20221022_111727,2728,2742,167,162
20221022_111727,2744,2743,157,162
20221022_111727,2717,2742,155,162
20221022_111728,2720,2741,165,162
20221022_111728,2748,2740,157,162
20221022_111728,2755,2741,159,161
20221022_111728,2759,2741,168,162
20221022_111728,2736,2741,169,162
20221022_111728,2761,2742,156,162
20221022_111728,2720,2741,156,161
20221022_111728,2707,2740,165,162
20221022_111728,2738,2740,158,161
20221022_111728,2712,2739,170,162
20221022_111728,2711,2740,158,162
20221022_111729,2735,2740,158,162
20221022_111729,2748,2740,164,162
20221022_111729,2737,2740,158,162
20221022_111729,2713,2740,156,162
20221022_111729,2775,2740,168,162
20221022_111729,2676,2739,166,162
20221022_111729,2720,2738,157,162
20221022_111729,2759,2738,159,162
20221022_111729,2717,2738,166,162
20221022_111729,2726,2738,156,161
20221022_111729,2738,2738,175,162
20221022_111730,2732,2738,170,162
20221022_111730,2700,2737,157,162
20221022_111730,2683,2736,167,162
20221022_111730,2789,2737,168,162
20221022_111730,2750,2737,167,162
20221022_111730,2709,2736,160,162
20221022_111730,2720,2735,160,162
20221022_111730,2701,2735,166,162
20221022_111730,2723,2734,166,162
20221022_111730,2721,2733,172,162
20221022_111730,2737,2733,167,162
20221022_111731,2767,2733,166,162
20221022_111731,2745,2734,171,163
20221022_111731,2766,2734,165,162
20221022_111731,2729,2734,160,163
20221022_111731,2771,2734,157,162
20221022_111731,2735,2733,174,163
20221022_111731,2750,2733,168,163
20221022_111731,2719,2733,159,163
20221022_111731,2735,2733,160,163
20221022_111731,2708,2732,154,163
20221022_111731,2736,2732,160,162
20221022_111732,2694,2732,157,162
20221022_111732,2742,2732,168,162
20221022_111732,2716,2732,174,163
20221022_111732,2790,2732,170,163
20221022_111732,2745,2733,181,163
20221022_111732,2776,2733,161,163
20221022_111732,2780,2734,176,164
20221022_111732,2710,2734,157,163
20221022_111732,2774,2735,165,164
20221022_111732,2753,2735,174,164
20221022_111733,2736,2734,159,164
20221022_111733,2715,2734,173,164
20221022_111733,2807,2735,156,164
20221022_111733,2752,2735,165,164
20221022_111733,2749,2736,157,164
20221022_111733,2738,2736,155,164
20221022_111733,2738,2737,177,164
20221022_111733,2831,2739,165,164
20221022_111733,2756,2739,159,164
20221022_111733,2705,2739,160,164
20221022_111733,2741,2739,164,164
20221022_111734,2733,2739,164,164
20221022_111734,2729,2738,147,164
20221022_111734,2749,2740,175,164
20221022_111734,2736,2740,154,164
20221022_111734,2761,2740,163,164
20221022_111734,2716,2740,171,164
20221022_111734,2735,2740,167,164
20221022_111734,2741,2740,159,164
20221022_111734,2732,2740,156,164
20221022_111734,2713,2740,166,164
20221022_111734,2756,2742,170,164
20221022_111735,2703,2740,167,164
20221022_111735,2774,2741,157,164
20221022_111735,2777,2742,164,164
20221022_111735,2758,2743,153,164
20221022_111735,2718,2743,166,164
20221022_111735,2759,2744,167,164
20221022_111735,2708,2744,165,164
20221022_111735,2744,2744,164,163
20221022_111735,2742,2743,165,163
20221022_111735,2749,2743,166,163
20221022_111735,2769,2743,173,164
20221022_111736,2759,2744,171,164
20221022_111736,2759,2744,158,164
20221022_111736,2802,2745,164,164
20221022_111736,2740,2745,169,164
20221022_111736,2727,2745,160,164
20221022_111736,2764,2745,166,164
20221022_111736,2766,2747,157,164
20221022_111736,2755,2747,155,164
20221022_111736,2740,2748,163,164
20221022_111736,2737,2748,161,164
20221022_111737,2699,2747,160,163
20221022_111737,2753,2747,169,163
20221022_111737,2760,2747,167,163
20221022_111737,2737,2746,156,163
20221022_111737,2765,2746,161,163
20221022_111737,2723,2746,151,163
20221022_111737,2732,2745,170,163
20221022_111737,2757,2745,171,163
20221022_111737,2713,2745,165,163
20221022_111737,2728,2745,161,162
20221022_111737,2699,2743,165,163
20221022_111738,2712,2742,163,163
20221022_111738,2740,2742,171,163
20221022_111738,2741,2742,166,163
20221022_111738,2797,2743,160,163
20221022_111738,2757,2742,163,163
20221022_111738,2778,2742,164,163
20221022_111738,2750,2743,160,163
20221022_111738,2736,2743,161,163
20221022_111738,2753,2744,161,163
20221022_111738,2748,2744,174,163
20221022_111738,2753,2744,172,163
20221022_111739,2759,2744,155,163
20221022_111739,2711,2744,166,163
20221022_111739,2791,2745,166,163
20221022_111739,2658,2743,165,163
20221022_111739,2754,2744,170,163
20221022_111739,2737,2744,159,163
20221022_111739,2739,2744,171,164
20221022_111739,2727,2744,169,163
20221022_111739,2686,2743,158,163
20221022_111739,2742,2743,161,163
20221022_111739,2742,2742,159,163
20221022_111740,2751,2742,160,163
20221022_111740,2739,2742,157,163
20221022_111740,2741,2742,169,163
20221022_111740,2772,2743,159,163
20221022_111740,2733,2743,172,163
20221022_111740,2759,2743,176,164
20221022_111740,2737,2743,167,164
20221022_111740,2730,2742,157,163
20221022_111740,2750,2742,174,163
20221022_111740,2782,2743,164,163
20221022_111740,2723,2741,166,163
20221022_111741,2751,2741,158,163
20221022_111741,2770,2742,166,163
20221022_111741,2717,2741,167,163
20221022_111741,2776,2741,169,164
20221022_111741,2731,2741,178,164
20221022_111741,2781,2742,166,164
20221022_111741,2693,2741,158,164
20221022_111741,2748,2742,169,164
20221022_111741,2748,2742,167,164
20221022_111741,2721,2741,174,164
20221022_111742,2721,2741,157,164
20221022_111742,2687,2739,166,164
20221022_111742,2754,2740,165,165
20221022_111742,2742,2740,165,165
20221022_111742,2706,2739,165,165
20221022_111742,2747,2740,156,164
20221022_111742,2771,2741,169,165
20221022_111742,2768,2742,158,164
20221022_111742,2784,2743,171,165
20221022_111742,2757,2744,159,164
20221022_111742,2747,2744,171,164
20221022_111743,2723,2742,168,165
20221022_111743,2721,2742,161,165
20221022_111743,2729,2741,172,165
20221022_111743,2762,2741,176,165
20221022_111743,2796,2742,160,165
20221022_111743,2737,2742,165,165
20221022_111743,2746,2742,157,165
20221022_111743,2764,2742,156,164
20221022_111743,2734,2741,166,165
20221022_111743,2729,2742,166,165
20221022_111743,2768,2741,166,165
20221022_111744,2799,2744,159,164
20221022_111744,2753,2744,161,164
20221022_111744,2684,2743,158,164
20221022_111744,2711,2742,166,164
20221022_111744,2766,2743,166,164
20221022_111744,2769,2745,160,164
20221022_111744,2713,2744,166,164
20221022_111744,2754,2745,166,164
20221022_111744,2690,2743,167,165
20221022_111744,2760,2744,167,165
20221022_111744,2698,2743,166,165
20221022_111745,2753,2743,170,165
20221022_111745,2734,2743,164,165
20221022_111745,2771,2743,159,164
20221022_111745,2754,2743,155,164
20221022_111745,2736,2743,165,164
20221022_111745,2744,2743,170,164
20221022_111745,2747,2742,159,164
20221022_111745,2749,2743,164,164
20221022_111745,2728,2742,159,164
20221022_111745,2729,2742,159,164
20221022_111746,2710,2742,161,164
20221022_111746,2762,2741,176,164
20221022_111746,2742,2741,159,164
20221022_111746,2754,2741,158,163
20221022_111746,2756,2742,167,164
20221022_111746,2723,2742,159,163
20221022_111746,2727,2741,161,163
20221022_111746,2786,2743,165,163
20221022_111746,2736,2743,166,163
20221022_111746,2739,2744,163,163
20221022_111746,2782,2744,155,163
20221022_111747,2708,2744,177,163
20221022_111747,2741,2744,165,163
20221022_111747,2739,2744,161,163
20221022_111747,2756,2744,155,163
20221022_111747,2791,2744,166,163
20221022_111747,2749,2744,163,163
20221022_111747,2740,2743,159,163
20221022_111747,2711,2743,156,163
20221022_111747,2758,2743,156,163
20221022_111747,2733,2744,170,163
20221022_111747,2778,2745,173,163
20221022_111748,2718,2744,172,163
20221022_111748,2673,2741,168,163
20221022_111748,2751,2742,164,163
20221022_111748,2751,2742,167,163
20221022_111748,2829,2743,178,164
20221022_111748,2751,2743,170,164
20221022_111748,2726,2743,166,164
20221022_111748,2746,2743,166,164
20221022_111748,2721,2741,166,164
20221022_111748,2730,2741,164,164
20221022_111748,2762,2742,157,164
20221022_111749,2696,2742,155,164
20221022_111749,2734,2741,171,164
20221022_111749,2728,2741,165,164
20221022_111749,2739,2741,169,164
20221022_111749,2758,2741,176,164
20221022_111749,2748,2742,164,164
20221022_111749,2761,2742,166,164
20221022_111749,2751,2743,172,164
20221022_111749,2761,2744,165,164
20221022_111749,2751,2744,163,164
20221022_111749,2749,2743,167,164
20221022_111750,2737,2743,172,164
20221022_111750,2758,2744,157,164
20221022_111750,2769,2744,165,164
20221022_111750,2735,2744,156,164
20221022_111750,2735,2744,166,164
20221022_111750,2761,2744,171,164
20221022_111750,2785,2745,166,165
20221022_111750,2717,2745,159,164
20221022_111750,2707,2744,168,164
20221022_111750,2760,2745,164,164
20221022_111751,2748,2745,160,164
20221022_111751,2715,2744,165,164
20221022_111751,2674,2743,163,164
20221022_111751,2673,2742,155,164
20221022_111751,2740,2741,166,164
20221022_111751,2733,2741,154,164
20221022_111751,2795,2742,152,164
20221022_111751,2728,2741,177,164
20221022_111751,2740,2741,175,164
20221022_111751,2711,2741,163,164
20221022_111751,2727,2741,155,164
20221022_111752,2713,2740,168,164
20221022_111752,2724,2738,152,164
20221022_111752,2740,2738,170,164
20221022_111752,2733,2738,163,164
20221022_111752,2785,2740,166,165
20221022_111752,2683,2738,161,165
20221022_111752,2762,2739,156,164
20221022_111752,2699,2737,166,164
20221022_111752,2764,2738,163,164
20221022_111752,2741,2739,164,164
20221022_111752,2755,2739,163,164
20221022_111753,2720,2739,166,164
20221022_111753,2794,2738,170,164
20221022_111753,2730,2738,165,164
20221022_111753,2761,2738,158,164
20221022_111753,2709,2738,169,164
20221022_111753,2725,2738,165,164
20221022_111753,2720,2738,165,164
20221022_111753,2761,2738,169,164
20221022_111753,2741,2738,165,164
20221022_111753,2748,2739,170,164
20221022_111753,2784,2740,164,164
20221022_111754,2742,2740,171,164
20221022_111754,2751,2740,180,164
20221022_111754,2724,2739,171,164
20221022_111754,2693,2738,167,164
20221022_111754,2787,2739,164,164
20221022_111754,2753,2739,169,164
20221022_111754,2756,2739,165,164
20221022_111754,2736,2738,169,164
20221022_111754,2708,2738,157,164
20221022_111754,2752,2738,166,164
20221022_111755,2714,2737,165,164
20221022_111755,2759,2737,158,164
20221022_111755,2737,2737,159,164
20221022_111755,2707,2736,164,164
20221022_111755,2767,2736,155,164
20221022_111755,2768,2737,175,164
20221022_111755,2698,2737,164,164
20221022_111755,2718,2736,167,164
20221022_111755,2730,2735,167,164
20221022_111755,2733,2736,163,164
20221022_111755,2739,2737,166,164
20221022_111756,2776,2739,160,164
20221022_111756,2762,2739,174,164
20221022_111756,2739,2740,156,164
20221022_111756,2778,2739,157,165
20221022_111756,2720,2739,169,164
20221022_111756,2781,2740,173,164
20221022_111756,2766,2741,167,164
20221022_111756,2752,2741,163,165
20221022_111756,2745,2742,169,165
20221022_111756,2741,2742,167,165
20221022_111756,2741,2742,171,165
20221022_111757,2728,2742,173,165
20221022_111757,2750,2742,156,165
20221022_111757,2726,2742,164,165
20221022_111757,2735,2742,163,165
20221022_111757,2748,2743,161,165
20221022_111757,2731,2742,160,165
20221022_111757,2751,2742,169,165
20221022_111757,2733,2742,166,165
20221022_111757,2754,2743,168,165
20221022_111757,2787,2743,159,165
20221022_111757,2714,2742,166,165
20221022_111758,2728,2742,161,165
20221022_111758,2791,2743,169,165
20221022_111758,2745,2744,171,165
20221022_111758,2732,2744,170,165
20221022_111758,2739,2743,160,165
20221022_111758,2764,2744,159,165
20221022_111758,2737,2744,167,165
20221022_111758,2707,2742,165,165
20221022_111758,2709,2741,161,165
20221022_111758,2713,2741,166,164
20221022_111759,2788,2742,166,164
20221022_111759,2768,2743,161,164
20221022_111759,2705,2742,169,164
20221022_111759,2784,2742,158,164
20221022_111759,2737,2742,175,164
20221022_111759,2706,2741,155,164
20221022_111759,2765,2743,161,164
20221022_111759,2731,2742,157,164
20221022_111759,2753,2743,169,164
20221022_111759,2710,2742,165,164
20221022_111759,2755,2742,163,164
20221022_111800,2755,2743,164,164
20221022_111800,2727,2743,168,164
20221022_111800,2737,2742,179,165
20221022_111800,2768,2743,161,164
20221022_111800,2717,2743,165,164
20221022_111800,2696,2743,174,165
20221022_111800,2784,2744,166,165
20221022_111800,2737,2744,173,165
20221022_111800,2758,2743,165,165
20221022_111800,2716,2742,173,165
20221022_111800,2747,2742,166,165
20221022_111801,2791,2743,168,165
20221022_111801,2715,2743,160,165
20221022_111801,2705,2741,160,165
20221022_111801,2726,2740,167,165
20221022_111801,2738,2740,174,165
20221022_111801,2807,2741,164,165
20221022_111801,2735,2741,159,165
20221022_111801,2728,2741,172,165
20221022_111801,2726,2741,169,165
20221022_111801,2758,2741,165,165
20221022_111801,2751,2742,158,165
20221022_111802,2741,2742,165,165
20221022_111802,2753,2742,161,165
20221022_111802,2714,2741,170,165
20221022_111802,2731,2741,166,165
20221022_111802,2717,2741,168,165
20221022_111802,2746,2741,158,165
20221022_111802,2719,2739,166,165
20221022_111802,2742,2740,164,165
20221022_111802,2750,2740,166,165
20221022_111802,2760,2740,172,165
20221022_111802,2812,2741,167,165
20221022_111803,2740,2741,164,165
20221022_111803,2694,2740,164,165
20221022_111803,2707,2739,166,165
20221022_111803,2720,2739,163,165
20221022_111803,2696,2738,174,165
20221022_111803,2746,2739,163,165
20221022_111803,2742,2740,160,165
20221022_111803,2724,2739,166,165
20221022_111803,2693,2737,165,165
20221022_111803,2725,2737,175,165
20221022_111803,2796,2738,165,165
20221022_111804,2735,2738,155,165
20221022_111804,2758,2739,176,165
20221022_111804,2764,2739,159,165
20221022_111804,2807,2740,177,166
20221022_111804,2727,2740,166,166
20221022_111804,2782,2741,159,166
20221022_111804,2770,2741,166,166
20221022_111804,2752,2741,160,166
20221022_111804,2740,2742,167,166
20221022_111804,2729,2741,157,165
20221022_111804,2727,2741,152,165
20221022_111805,2773,2742,167,165
20221022_111805,2762,2743,168,165
20221022_111805,2762,2743,159,165
20221022_111805,2749,2743,167,165
20221022_111805,2733,2742,168,165
20221022_111805,2730,2743,165,165
20221022_111805,2716,2742,158,164
20221022_111805,2714,2740,167,164
20221022_111805,2750,2741,168,165
20221022_111805,2747,2742,178,165
20221022_111806,2739,2742,163,165
20221022_111806,2767,2743,163,165
20221022_111806,2751,2742,167,165
20221022_111806,2764,2742,160,165
20221022_111806,2709,2742,161,164
20221022_111806,2710,2742,164,164
20221022_111806,2747,2741,167,164
20221022_111806,2769,2742,169,165
20221022_111806,2756,2742,160,165
20221022_111806,2744,2742,159,164
20221022_111806,2708,2742,161,164
20221022_111807,2736,2742,160,164
20221022_111807,2716,2742,169,164
20221022_111807,2731,2741,167,164
20221022_111807,2735,2742,164,164
20221022_111807,2735,2742,156,164
20221022_111807,2760,2742,167,164
20221022_111807,2687,2740,164,164
20221022_111807,2732,2739,167,164
20221022_111807,2745,2739,159,164
20221022_111807,2716,2739,169,164
20221022_111807,2713,2739,164,164
20221022_111808,2715,2739,163,164
20221022_111808,2797,2741,166,164
20221022_111808,2684,2740,154,164
20221022_111808,2738,2740,173,164
20221022_111808,2731,2740,155,164
20221022_111808,2765,2742,175,164
20221022_111808,2725,2742,169,164
20221022_111808,2717,2740,175,164
20221022_111808,2717,2740,166,164
20221022_111808,2724,2739,167,164
20221022_111808,2712,2738,166,164
20221022_111809,2709,2736,168,164
20221022_111809,2755,2737,165,164
20221022_111809,2759,2736,160,164
20221022_111809,2744,2736,165,164
20221022_111809,2771,2736,163,164
20221022_111809,2714,2736,163,164
20221022_111809,2685,2735,168,164
20221022_111809,2712,2734,160,164
20221022_111809,2727,2734,167,164
20221022_111809,2777,2734,158,164
20221022_111810,2669,2732,165,164
20221022_111810,2723,2731,150,164
20221022_111810,2727,2731,171,164
20221022_111810,2769,2732,173,164
20221022_111810,2735,2732,165,164
20221022_111810,2753,2733,159,164
20221022_111810,2712,2733,168,164
20221022_111810,2750,2733,167,164
20221022_111810,2708,2732,167,164
20221022_111810,2758,2732,168,164
20221022_111810,2720,2731,166,164
20221022_111811,2735,2731,169,164
20221022_111811,2747,2731,156,164
20221022_111811,2755,2732,161,164
20221022_111811,2724,2732,165,164
20221022_111811,2748,2731,165,164
20221022_111811,2758,2731,158,164
20221022_111811,2750,2732,167,164
20221022_111811,2738,2732,165,164
20221022_111811,2728,2732,165,164
20221022_111811,2749,2733,167,164
20221022_111811,2737,2733,165,164
20221022_111812,2727,2733,171,164
20221022_111812,2728,2732,166,165
20221022_111812,2756,2732,163,164
20221022_111812,2766,2734,163,164
20221022_111812,2738,2734,160,164
20221022_111812,2757,2734,161,164
20221022_111812,2719,2734,173,164
20221022_111812,2770,2735,153,164
20221022_111812,2723,2736,171,164
20221022_111812,2765,2735,175,165
20221022_111812,2727,2736,160,165
20221022_111813,2746,2736,160,164
20221022_111813,2789,2737,165,165
20221022_111813,2727,2736,159,164
20221022_111813,2724,2736,173,164
20221022_111813,2747,2737,167,164
20221022_111813,2752,2738,158,164
20221022_111813,2727,2738,163,164
20221022_111813,2793,2739,175,164
20221022_111813,2752,2740,167,164
20221022_111813,2793,2741,164,164
20221022_111813,2707,2740,169,164
20221022_111814,2713,2739,163,164
20221022_111814,2728,2738,156,164
20221022_111814,2756,2739,170,164
20221022_111814,2753,2741,177,164
20221022_111814,2744,2741,161,164
20221022_111814,2684,2740,166,164
20221022_111814,2755,2740,159,164
20221022_111814,2737,2741,168,164
20221022_111814,2780,2742,163,165
20221022_111814,2753,2743,171,165
20221022_111814,2799,2743,172,165
20221022_111815,2727,2743,174,165
20221022_111815,2748,2743,151,165
20221022_111815,2660,2742,173,165
20221022_111815,2736,2742,174,165
20221022_111815,2796,2744,157,165
20221022_111815,2814,2745,159,165
20221022_111815,2764,2746,164,165
20221022_111815,2724,2745,169,165
20221022_111815,2719,2745,167,165
20221022_111815,2762,2745,158,165
20221022_111816,2782,2746,167,165
20221022_111816,2717,2745,165,165
20221022_111816,2737,2745,164,165
20221022_111816,2772,2745,169,165
20221022_111816,2748,2746,152,165
20221022_111816,2749,2746,170,165
20221022_111816,2740,2746,167,165
20221022_111816,2729,2746,175,165
20221022_111816,2710,2745,174,165
20221022_111816,2762,2746,164,165
20221022_111816,2758,2746,170,165
20221022_111817,2765,2746,163,165
20221022_111817,2750,2746,170,165
20221022_111817,2735,2746,176,166
20221022_111817,2732,2746,158,165
20221022_111817,2777,2746,163,165
20221022_111817,2717,2746,161,165
20221022_111817,2731,2746,165,165
20221022_111817,2734,2746,161,165
20221022_111817,2759,2746,157,165
20221022_111817,2762,2745,161,165
20221022_111817,2741,2746,175,165
20221022_111818,2700,2745,167,165
20221022_111818,2806,2746,172,165
20221022_111818,2748,2746,167,165
20221022_111818,2775,2747,163,165
20221022_111818,2713,2746,170,165
20221022_111818,2731,2745,167,165
20221022_111818,2698,2743,175,166
20221022_111818,2742,2744,170,166
20221022_111818,2765,2745,173,166
20221022_111818,2712,2745,168,166
20221022_111818,2724,2744,161,166
20221022_111819,2756,2744,173,166
20221022_111819,2764,2745,166,166
20221022_111819,2711,2745,151,166
20221022_111819,2759,2745,171,166
20221022_111819,2727,2745,171,166
20221022_111819,2741,2744,157,166
20221022_111819,2739,2744,155,165
20221022_111819,2766,2743,151,165
20221022_111819,2756,2744,170,165
20221022_111819,2699,2743,170,165
20221022_111819,2796,2746,155,165
20221022_111820,2732,2746,160,165
20221022_111820,2738,2744,166,165
20221022_111820,2746,2743,165,165
20221022_111820,2732,2742,161,165
20221022_111820,2729,2743,163,165
20221022_111820,2705,2742,160,165
20221022_111820,2745,2742,161,165
20221022_111820,2738,2741,168,165
20221022_111820,2748,2742,165,165
20221022_111820,2740,2742,159,165
20221022_111820,2748,2741,171,165
20221022_111821,2760,2741,157,165
20221022_111821,2745,2741,160,165
20221022_111821,2770,2742,154,164
20221022_111821,2784,2743,160,164
20221022_111821,2689,2743,170,164
20221022_111821,2793,2743,175,164
20221022_111821,2708,2742,161,164
20221022_111821,2742,2742,157,164
20221022_111821,2748,2742,160,164
20221022_111821,2808,2743,176,164
20221022_111821,2730,2743,163,164
20221022_111822,2733,2742,159,164
20221022_111822,2747,2743,163,164
20221022_111822,2730,2743,164,164
20221022_111822,2758,2743,167,164
20221022_111822,2765,2743,159,164
20221022_111822,2789,2744,166,164
20221022_111822,2697,2743,167,164
20221022_111822,2742,2744,161,164
20221022_111822,2786,2744,164,164
20221022_111822,2731,2743,164,163
20221022_111822,2751,2743,160,163
20221022_111823,2750,2743,159,163
20221022_111823,2725,2743,168,163
20221022_111823,2751,2744,160,163
20221022_111823,2742,2744,165,163
20221022_111823,2768,2744,150,162
20221022_111823,2701,2744,173,162
20221022_111823,2736,2744,167,163
20221022_111823,2718,2744,152,162
20221022_111823,2699,2742,173,162
20221022_111823,2730,2743,165,163
20221022_111824,2744,2743,159,162
20221022_111824,2729,2743,160,162
20221022_111824,2727,2742,161,162
20221022_111824,2771,2743,168,162
20221022_111824,2751,2743,165,163
20221022_111824,2784,2743,165,163
20221022_111824,2764,2744,167,163
20221022_111824,2695,2742,171,163
20221022_111824,2740,2743,167,163
20221022_111824,2685,2742,166,163
20221022_111824,2701,2741,165,163
20221022_111825,2755,2741,167,163
20221022_111825,2790,2742,159,163
20221022_111825,2728,2743,172,163
20221022_111825,2758,2743,167,163
20221022_111825,2681,2742,174,164
20221022_111825,2692,2741,155,163
20221022_111825,2773,2742,163,163
20221022_111825,2701,2741,159,163
20221022_111825,2704,2739,169,163
20221022_111825,2719,2739,170,164
20221022_111825,2658,2737,169,164
20221022_111826,2704,2735,164,164
20221022_111826,2747,2736,157,164
20221022_111826,2729,2735,165,164
20221022_111826,2723,2735,160,164
20221022_111826,2762,2736,164,164
20221022_111826,2737,2736,173,164
20221022_111826,2734,2734,154,164
20221022_111826,2730,2734,155,163
20221022_111826,2755,2735,167,164
20221022_111826,2727,2734,150,163
20221022_111826,2784,2735,176,163
20221022_111827,2756,2735,164,163
20221022_111827,2749,2735,164,164
20221022_111827,2778,2735,170,164
20221022_111827,2724,2735,171,164
20221022_111827,2725,2735,165,164
20221022_111827,2710,2733,161,164
20221022_111827,2740,2734,160,164
20221022_111827,2749,2733,160,164
20221022_111827,2765,2734,166,164
20221022_111827,2789,2735,163,164
20221022_111827,2739,2735,166,164
20221022_111828,2739,2735,160,164
20221022_111828,2723,2734,173,164
20221022_111828,2747,2735,157,164
20221022_111828,2801,2736,164,164
20221022_111828,2715,2736,158,164
20221022_111828,2778,2738,159,164
20221022_111828,2757,2738,171,164
20221022_111828,2748,2738,166,164
20221022_111828,2747,2738,172,164
20221022_111828,2742,2739,168,164
20221022_111829,2727,2738,173,164
20221022_111829,2758,2738,173,164
20221022_111829,2748,2737,170,165
20221022_111829,2788,2738,165,165
20221022_111829,2771,2739,150,164
20221022_111829,2737,2739,153,164
20221022_111829,2757,2741,157,164
20221022_111829,2771,2742,159,164
20221022_111829,2728,2742,179,164
20221022_111829,2777,2741,164,164
20221022_111829,2697,2741,158,164
20221022_111830,2761,2741,171,164
20221022_111830,2750,2742,159,163
20221022_111830,2737,2743,163,164
20221022_111830,2789,2743,167,164
20221022_111830,2790,2745,154,164
20221022_111830,2735,2746,170,164
20221022_111830,2767,2747,166,163
20221022_111830,2779,2749,165,163
20221022_111830,2745,2750,159,163
20221022_111830,2748,2750,166,163
20221022_111830,2795,2751,168,164
20221022_111831,2753,2752,156,163
20221022_111831,2738,2751,166,164
20221022_111831,2768,2752,161,163
20221022_111831,2751,2752,170,164
20221022_111831,2730,2752,166,164
20221022_111831,2787,2753,153,164
20221022_111831,2737,2753,165,164
20221022_111831,2739,2752,153,163
20221022_111831,2695,2751,163,163
20221022_111831,2767,2751,165,163
20221022_111831,2756,2751,163,163
20221022_111832,2762,2752,174,163
20221022_111832,2745,2752,164,163
20221022_111832,2769,2753,167,163
20221022_111832,2727,2753,155,163
20221022_111832,2757,2753,164,163
20221022_111832,2787,2753,158,163
20221022_111832,2733,2752,158,163
20221022_111832,2731,2752,159,163
20221022_111832,2772,2753,172,163
20221022_111832,2679,2752,160,163
20221022_111833,2714,2751,163,163
20221022_111833,2790,2751,173,163
20221022_111833,2760,2752,165,163
20221022_111833,2780,2752,159,163
20221022_111833,2747,2752,168,163
20221022_111833,2733,2751,164,163
20221022_111833,2772,2752,159,163
20221022_111833,2773,2753,164,163
20221022_111833,2733,2753,177,163
20221022_111833,2712,2752,165,163
20221022_111833,2755,2752,167,163
20221022_111834,2735,2751,160,163
20221022_111834,2781,2751,165,163
20221022_111834,2776,2752,169,163
20221022_111834,2734,2751,156,163
20221022_111834,2742,2751,164,163
20221022_111834,2751,2751,161,163
20221022_111834,2727,2750,159,163
20221022_111834,2759,2752,161,163
20221022_111834,2782,2752,169,163
20221022_111834,2749,2752,175,163
20221022_111834,2739,2752,170,163
20221022_111835,2734,2751,167,163
20221022_111835,2749,2750,155,163
20221022_111835,2788,2751,170,163
20221022_111835,2738,2751,161,163
20221022_111835,2744,2750,170,163
20221022_111835,2741,2750,167,164
20221022_111835,2754,2750,160,163
20221022_111835,2732,2749,151,163
20221022_111835,2753,2749,161,163
20221022_111835,2739,2749,176,163
20221022_111835,2728,2748,158,163
20221022_111836,2709,2747,159,163
20221022_111836,2741,2747,166,163
20221022_111836,2686,2745,166,163
20221022_111836,2790,2746,169,164
20221022_111836,2737,2746,170,164
20221022_111836,2753,2747,166,164
20221022_111836,2752,2747,166,164
20221022_111836,2729,2747,163,164
20221022_111836,2774,2747,158,164
20221022_111836,2749,2747,163,164
20221022_111836,2755,2747,172,164
20221022_111837,2753,2747,147,164
20221022_111837,2686,2746,168,164
20221022_111837,2718,2744,155,164
20221022_111837,2741,2745,157,164
20221022_111837,2720,2744,166,164
20221022_111837,2761,2744,156,163
20221022_111837,2753,2746,170,164
20221022_111837,2732,2746,153,163
20221022_111837,2711,2744,167,163
20221022_111837,2719,2744,156,163
20221022_111838,2778,2744,167,163
20221022_111838,2754,2744,163,163
20221022_111838,2776,2745,163,163
20221022_111838,2742,2744,165,163
20221022_111838,2741,2743,163,163
20221022_111838,2713,2743,151,163
20221022_111838,2686,2742,163,163
20221022_111838,2745,2742,154,162
20221022_111838,2736,2742,165,162
20221022_111838,2767,2742,163,162
20221022_111838,2769,2742,161,162
20221022_111839,2727,2742,168,163
20221022_111839,2764,2742,163,163
20221022_111839,2693,2741,168,163
20221022_111839,2703,2741,159,163
20221022_111839,2757,2740,161,163
20221022_111839,2721,2739,174,163
20221022_111839,2712,2739,157,162
20221022_111839,2748,2739,154,162
20221022_111839,2764,2739,158,162
20221022_111839,2792,2740,155,162
20221022_111839,2703,2739,155,162
20221022_111840,2726,2738,168,162
20221022_111840,2737,2738,166,162
20221022_111840,2728,2738,166,162
20221022_111840,2756,2738,167,162
20221022_111840,2718,2738,167,162
20221022_111840,2757,2738,158,162
20221022_111840,2760,2738,171,162
20221022_111840,2734,2738,165,162
20221022_111840,2720,2738,165,162
20221022_111840,2786,2739,168,162
20221022_111840,2748,2741,165,162
20221022_111841,2736,2740,172,162
20221022_111841,2761,2740,163,162
20221022_111841,2750,2740,166,162
20221022_111841,2728,2739,168,162
20221022_111841,2758,2740,173,162
20221022_111841,2761,2740,166,163
20221022_111841,2735,2739,157,162
20221022_111841,2746,2739,175,162
20221022_111841,2778,2740,165,163
20221022_111841,2767,2741,169,163
20221022_111841,2770,2742,157,163
20221022_111842,2713,2742,173,163
20221022_111842,2754,2743,171,163
20221022_111842,2770,2743,166,163
20221022_111842,2733,2742,159,163
20221022_111842,2721,2742,174,164
20221022_111842,2734,2743,169,164
20221022_111842,2782,2744,154,164
20221022_111842,2758,2743,175,164
20221022_111842,2712,2743,168,164
20221022_111842,2759,2742,167,164
20221022_111842,2753,2742,161,164
20221022_111843,2736,2742,166,164
20221022_111843,2717,2742,173,164
20221022_111843,2764,2744,159,164
20221022_111843,2725,2744,173,165
20221022_111843,2750,2744,166,165
20221022_111843,2726,2743,159,165
20221022_111843,2779,2743,164,165
20221022_111843,2741,2744,165,165
20221022_111843,2788,2744,161,165
20221022_111843,2745,2745,164,165
20221022_111843,2766,2746,164,165
20221022_111844,2735,2746,160,165
20221022_111844,2711,2746,158,164
20221022_111844,2733,2746,169,165
20221022_111844,2727,2746,160,165
20221022_111844,2745,2745,159,165
20221022_111844,2812,2746,172,165
20221022_111844,2716,2746,163,165
20221022_111844,2739,2746,171,165
20221022_111844,2793,2747,151,165
20221022_111844,2746,2748,157,165
20221022_111845,2750,2747,171,165
20221022_111845,2758,2748,164,165
20221022_111845,2768,2748,156,165
20221022_111845,2774,2749,164,165
20221022_111845,2790,2750,157,164
20221022_111845,2776,2751,166,164
20221022_111845,2729,2750,161,164
20221022_111845,2741,2750,164,164
20221022_111845,2740,2750,169,164
20221022_111845,2738,2749,163,164
20221022_111845,2748,2749,165,164
20221022_111846,2773,2750,164,164
20221022_111846,2726,2750,169,164
20221022_111846,2697,2748,169,164
20221022_111846,2708,2748,168,164
20221022_111846,2775,2748,164,164
20221022_111846,2778,2748,169,164
20221022_111846,2711,2747,163,164
20221022_111846,2738,2747,166,164
20221022_111846,2716,2747,159,164
20221022_111846,2829,2748,163,164
20221022_111846,2686,2746,173,164
20221022_111847,2720,2746,153,164
20221022_111847,2731,2746,170,164
20221022_111847,2730,2746,174,164
20221022_111847,2725,2745,161,164
20221022_111847,2728,2745,165,164
20221022_111847,2755,2745,164,164
20221022_111847,2725,2745,174,164
20221022_111847,2758,2745,169,164
20221022_111847,2813,2746,168,164
20221022_111847,2761,2747,153,164
20221022_111847,2777,2748,167,164
20221022_111848,2729,2748,157,164
20221022_111848,2817,2749,158,163
20221022_111848,2781,2750,164,163
20221022_111848,2757,2750,160,163
20221022_111848,2740,2750,154,163
20221022_111848,2748,2749,172,163
20221022_111848,2741,2749,163,163
20221022_111848,2716,2748,157,163
20221022_111848,2712,2747,166,163
20221022_111848,2725,2748,166,164
20221022_111849,2727,2747,155,163
20221022_111849,2784,2749,169,163
20221022_111849,2784,2749,150,163
20221022_111849,2742,2748,161,163
20221022_111849,2700,2748,179,163
20221022_111849,2754,2748,166,163
20221022_111849,2819,2748,155,163
20221022_111849,2767,2749,168,164
20221022_111849,2732,2748,173,164
