Time,CameraA Max,CameraA Mean,CameraB Max,CameraB Mean,,,,,,,,,,,,
20221101_201047,19,20,11,11,0,0,#DIV/0!,,,,0,0,#DIV/0!,,,
20221101_201059,23,21,10,11,1,0,0,,,,2.127659574,0,0,,,
20221101_201108,24,21,14,12,1,1,1,1,,,2.127659574,1.428571429,0.671428571,,,
20221101_201113,31,22,27,12,2,1,0.5,-0.5,,,4.255319149,1.428571429,0.335714286,,,
20221101_201113,31,22,35,14,2,3,1.5,1,,,4.255319149,4.285714286,1.007142857,,,
20221101_201114,41,23,47,15,3,4,1.333333333,-0.166666667,,,6.382978723,5.714285714,0.895238095,,,
20221101_201114,54,23,61,16,3,5,1.666666667,0.333333333,,,6.382978723,7.142857143,1.119047619,,,
20221101_201114,54,24,59,16,4,5,1.25,-0.416666667,,,8.510638298,7.142857143,0.839285714,,,
20221101_201114,65,25,68,17,5,6,1.2,-0.05,,,10.63829787,8.571428571,0.805714286,,,
20221101_201114,59,25,76,18,5,7,1.4,0.2,,,10.63829787,10,0.94,,,
20221101_201115,65,27,69,20,7,9,1.285714286,-0.114285714,,,14.89361702,12.85714286,0.863265306,,,
20221101_201115,66,27,70,21,7,10,1.428571429,0.142857143,,,14.89361702,14.28571429,0.959183673,,,
20221101_201115,63,28,72,22,8,11,1.375,-0.053571429,,,17.0212766,15.71428571,0.923214286,,,
20221101_201115,70,29,89,24,9,13,1.444444444,0.069444444,,,19.14893617,18.57142857,0.96984127,,,
20221101_201116,87,31,94,27,11,16,1.454545455,0.01010101,0.01010101,0.005114969,23.40425532,22.85714286,0.976623377,0.006782107,0.006782107,0.003434336
20221101_201116,82,32,110,28,12,17,1.416666667,-0.037878788,0.037878788,,25.53191489,24.28571429,0.951190476,-0.0254329,0.0254329,
20221101_201116,86,33,105,29,13,18,1.384615385,-0.032051282,0.032051282,,27.65957447,25.71428571,0.92967033,-0.021520147,0.021520147,
20221101_201116,90,34,110,30,14,19,1.357142857,-0.027472527,0.027472527,,29.78723404,27.14285714,0.91122449,-0.01844584,0.01844584,
20221101_201116,102,37,124,36,17,25,1.470588235,0.113445378,0.113445378,,36.17021277,35.71428571,0.987394958,0.076170468,0.076170468,
20221101_201117,96,39,120,38,19,27,1.421052632,-0.049535604,0.049535604,,40.42553191,38.57142857,0.954135338,-0.03325962,0.03325962,
20221101_201117,106,40,138,40,20,29,1.45,0.028947368,0.028947368,,42.55319149,41.42857143,0.973571429,0.01943609,0.01943609,
20221101_201117,114,41,141,42,21,31,1.476190476,0.026190476,0.026190476,,44.68085106,44.28571429,0.991156463,0.017585034,0.017585034,
20221101_201117,127,43,157,44,23,33,1.434782609,-0.041407867,0.041407867,,48.93617021,47.14285714,0.963354037,-0.027802425,0.027802425,
20221101_201117,128,44,164,46,24,35,1.458333333,0.023550725,0.023550725,,51.06382979,50,0.979166667,0.015812629,0.015812629,
20221101_201117,131,45,157,47,25,36,1.44,-0.018333333,0.018333333,,53.19148936,51.42857143,0.966857143,-0.012309524,0.012309524,
20221101_201117,130,46,159,49,26,38,1.461538462,0.021538462,0.021538462,,55.31914894,54.28571429,0.981318681,0.014461538,0.014461538,
20221101_201117,128,48,170,50,28,39,1.392857143,-0.068681319,0.068681319,,59.57446809,55.71428571,0.935204082,-0.0461146,0.0461146,
20221101_201118,133,49,166,52,29,41,1.413793103,0.020935961,0.020935961,,61.70212766,58.57142857,0.949261084,0.014057002,0.014057002,
20221101_201118,131,51,168,55,31,44,1.419354839,0.005561735,0.005561735,,65.95744681,62.85714286,0.952995392,0.003734308,0.003734308,
20221101_201118,147,52,185,57,32,46,1.4375,0.018145161,0.018145161,,68.08510638,65.71428571,0.965178571,0.01218318,0.01218318,
20221101_201118,144,53,193,58,33,47,1.424242424,-0.013257576,0.013257576,,70.21276596,67.14285714,0.956277056,-0.008901515,0.008901515,
20221101_201118,135,54,187,60,34,49,1.441176471,0.016934046,0.016934046,,72.34042553,70,0.967647059,0.011370003,0.011370003,
20221101_201118,145,57,199,64,37,53,1.432432432,-0.008744038,0.008744038,,78.72340426,75.71428571,0.961776062,-0.005870997,0.005870997,
20221101_201118,144,58,186,66,38,55,1.447368421,0.014935989,0.014935989,,80.85106383,78.57142857,0.971804511,0.01002845,0.01002845,
20221101_201118,152,59,195,67,39,56,1.435897436,-0.011470985,0.011470985,,82.9787234,80,0.964102564,-0.007701947,0.007701947,
20221101_201119,155,61,196,69,41,58,1.414634146,-0.02126329,0.02126329,,87.23404255,82.85714286,0.949825784,-0.01427678,0.01427678,
20221101_201119,160,63,202,73,43,62,1.441860465,0.027226319,0.027226319,,91.4893617,88.57142857,0.968106312,0.018280528,0.018280528,
20221101_201119,161,65,211,75,45,64,1.422222222,-0.019638243,0.019638243,,95.74468085,91.42857143,0.954920635,-0.013185677,0.013185677,
20221101_201119,160,72,207,85,52,74,1.423076923,0.000854701,0.000854701,,110.6382979,105.7142857,0.955494505,0.000573871,0.000573871,
20221101_201119,158,73,224,87,53,76,1.433962264,0.010885341,0.010885341,,112.7659574,108.5714286,0.962803235,0.007308729,0.007308729,
20221101_201119,171,75,220,89,55,78,1.418181818,-0.015780446,0.015780446,,117.0212766,111.4285714,0.952207792,-0.010595442,0.010595442,
20221101_201120,155,77,227,93,57,82,1.438596491,0.020414673,0.020414673,,121.2765957,117.1428571,0.965914787,0.013706995,0.013706995,
20221101_201120,181,79,224,95,59,84,1.423728814,-0.014867678,0.014867678,,125.5319149,120,0.955932203,-0.009982584,0.009982584,
20221101_201120,172,80,230,97,60,86,1.433333333,0.00960452,0.00960452,,127.6595745,122.8571429,0.962380952,0.006448749,0.006448749,
20221101_201120,179,82,227,100,62,89,1.435483871,0.002150538,0.002150538,,131.9148936,127.1428571,0.963824885,0.001443932,0.001443932,
20221101_201120,174,84,222,102,64,91,1.421875,-0.013608871,0.013608871,,136.1702128,130,0.9546875,-0.009137385,0.009137385,
20221101_201120,185,85,228,104,65,93,1.430769231,0.008894231,0.008894231,,138.2978723,132.8571429,0.960659341,0.005971841,0.005971841,
20221101_201120,187,87,240,106,67,95,1.417910448,-0.012858783,0.012858783,,142.5531915,135.7142857,0.952025586,-0.008633754,0.008633754,
20221101_201120,178,88,224,108,68,97,1.426470588,0.00856014,0.00856014,,144.6808511,138.5714286,0.957773109,0.005747523,0.005747523,
20221101_201120,171,90,232,110,70,99,1.414285714,-0.012184874,0.012184874,,148.9361702,141.4285714,0.949591837,-0.008181273,0.008181273,
20221101_201121,177,91,231,113,71,102,1.436619718,0.022334004,0.022334004,,151.0638298,145.7142857,0.964587525,0.014995688,0.014995688,
20221101_201121,174,93,239,115,73,104,1.424657534,-0.011962184,0.011962184,,155.3191489,148.5714286,0.956555773,-0.008031752,0.008031752,
20221101_201121,175,95,238,117,75,106,1.413333333,-0.011324201,0.011324201,,159.5744681,151.4285714,0.948952381,-0.007603392,0.007603392,
20221101_201121,170,98,220,121,78,110,1.41025641,-0.003076923,0.003076923,,165.9574468,157.1428571,0.946886447,-0.002065934,0.002065934,
20221101_201121,172,99,229,123,79,112,1.417721519,0.007465109,0.007465109,,168.0851064,160,0.951898734,0.005012287,0.005012287,
20221101_201121,171,100,224,125,80,114,1.425,0.007278481,0.007278481,,170.212766,162.8571429,0.956785714,0.00488698,0.00488698,
20221101_201121,185,102,226,128,82,117,1.426829268,0.001829268,0.001829268,,174.4680851,167.1428571,0.958013937,0.001228223,0.001228223,
20221101_201121,158,103,221,130,83,119,1.43373494,0.006905671,0.006905671,,176.5957447,170,0.962650602,0.004636665,0.004636665,
20221101_201122,175,105,216,132,85,121,1.423529412,-0.010205528,0.010205528,,180.8510638,172.8571429,0.955798319,-0.006852283,0.006852283,
20221101_201122,163,106,218,134,86,123,1.430232558,0.006703146,0.006703146,,182.9787234,175.7142857,0.960299003,0.004500684,0.004500684,
20221101_201122,173,108,210,136,88,125,1.420454545,-0.009778013,0.009778013,,187.2340426,178.5714286,0.953733766,-0.006565237,0.006565237,
20221101_201122,167,109,201,137,89,126,1.415730337,-0.004724208,0.004724208,,189.3617021,180,0.950561798,-0.003171968,0.003171968,
20221101_201122,158,111,208,139,91,128,1.406593407,-0.00913693,0.00913693,,193.6170213,182.8571429,0.944427002,-0.006134796,0.006134796,
20221101_201122,157,112,214,141,92,130,1.413043478,0.006450072,0.006450072,,195.7446809,185.7142857,0.948757764,0.004330762,0.004330762,
20221101_201122,163,115,207,145,95,134,1.410526316,-0.002517162,0.002517162,,202.1276596,191.4285714,0.947067669,-0.001690095,0.001690095,
20221101_201122,170,116,199,146,96,135,1.40625,-0.004276316,0.004276316,,204.2553191,192.8571429,0.944196429,-0.002871241,0.002871241,
20221101_201122,151,117,190,148,97,137,1.412371134,0.006121134,0.006121134,,206.3829787,195.7142857,0.948306333,0.004109904,0.004109904,
20221101_201122,150,119,190,150,99,139,1.404040404,-0.00833073,0.00833073,,210.6382979,198.5714286,0.942712843,-0.00559349,0.00559349,
20221101_201123,157,121,197,153,101,142,1.405940594,0.00190019,0.00190019,,214.893617,202.8571429,0.943988685,0.001275842,0.001275842,
20221101_201123,156,122,197,155,102,144,1.411764706,0.005824112,0.005824112,,217.0212766,205.7142857,0.94789916,0.003910475,0.003910475,
20221101_201123,155,124,193,156,104,145,1.394230769,-0.017533937,0.017533937,,221.2765957,207.1428571,0.936126374,-0.011772786,0.011772786,
20221101_201123,156,126,201,160,106,149,1.405660377,0.011429608,0.011429608,,225.5319149,212.8571429,0.943800539,0.007674165,0.007674165,
20221101_201123,168,127,206,161,107,150,1.401869159,-0.003791218,0.003791218,,227.6595745,214.2857143,0.941255007,-0.002545532,0.002545532,
20221101_201123,157,129,207,163,109,152,1.394495413,-0.007373746,0.007373746,,231.9148936,217.1428571,0.936304063,-0.004950944,0.004950944,
20221101_201123,169,131,214,166,111,155,1.396396396,0.001900984,0.001900984,,236.1702128,221.4285714,0.937580438,0.001276375,0.001276375,
20221101_201124,152,132,214,168,112,157,1.401785714,0.005389318,0.005389318,,238.2978723,224.2857143,0.94119898,0.003618542,0.003618542,
20221101_201124,151,133,194,169,113,158,1.398230088,-0.003555626,0.003555626,,240.4255319,225.7142857,0.938811631,-0.002387349,0.002387349,
20221101_201124,157,134,187,171,114,160,1.403508772,0.005278683,0.005278683,,242.5531915,228.5714286,0.94235589,0.003544259,0.003544259,
20221101_201124,157,136,196,173,116,162,1.396551724,-0.006957048,0.006957048,,246.8085106,231.4285714,0.937684729,-0.004671161,0.004671161,
20221101_201124,144,137,194,174,117,163,1.393162393,-0.003389331,0.003389331,,248.9361702,232.8571429,0.935409035,-0.002275694,0.002275694,
20221101_201124,161,138,200,176,118,165,1.398305085,0.005142692,0.005142692,,251.0638298,235.7142857,0.938861985,0.00345295,0.00345295,
20221101_201124,150,139,201,177,119,166,1.394957983,-0.003347102,0.003347102,,253.1914894,237.1428571,0.936614646,-0.00224734,0.00224734,
20221101_201124,152,140,200,178,120,167,1.391666667,-0.003291317,0.003291317,,255.3191489,238.5714286,0.934404762,-0.002209884,0.002209884,
20221101_201124,144,141,187,179,121,168,1.388429752,-0.003236915,0.003236915,,257.4468085,240,0.932231405,-0.002173357,0.002173357,
20221101_201125,155,141,197,181,121,170,1.404958678,0.016528926,0.016528926,,257.4468085,242.8571429,0.943329398,0.011097993,0.011097993,
20221101_201125,156,142,187,182,122,171,1.401639344,-0.003319333,0.003319333,,259.5744681,244.2857143,0.941100703,-0.002228695,0.002228695,
20221101_201125,143,143,201,183,123,172,1.398373984,-0.003265361,0.003265361,,261.7021277,245.7142857,0.938908246,-0.002192456,0.002192456,
20221101_201125,149,144,183,184,124,173,1.39516129,-0.003212693,0.003212693,,263.8297872,247.1428571,0.936751152,-0.002157094,0.002157094,
20221101_201125,148,145,189,185,125,174,1.392,-0.00316129,0.00316129,,265.9574468,248.5714286,0.934628571,-0.002122581,0.002122581,
20221101_201125,150,146,185,186,126,175,1.388888889,-0.003111111,0.003111111,,268.0851064,250,0.932539683,-0.002088889,0.002088889,
20221101_201125,153,146,190,187,126,176,1.396825397,0.007936508,0.007936508,,268.0851064,251.4285714,0.937868481,0.005328798,0.005328798,
20221101_201125,154,147,200,188,127,177,1.393700787,-0.003124609,0.003124609,,270.212766,252.8571429,0.935770529,-0.002097952,0.002097952,
20221101_201125,155,148,190,189,128,178,1.390625,-0.003075787,0.003075787,,272.3404255,254.2857143,0.933705357,-0.002065172,0.002065172,
20221101_201125,155,148,206,190,128,179,1.3984375,0.0078125,0.0078125,,272.3404255,255.7142857,0.938950893,0.005245536,0.005245536,
20221101_201126,153,149,202,191,129,180,1.395348837,-0.003088663,0.003088663,,274.4680851,257.1428571,0.936877076,-0.002073816,0.002073816,
20221101_201126,161,150,207,192,130,181,1.392307692,-0.003041145,0.003041145,,276.5957447,258.5714286,0.934835165,-0.002041912,0.002041912,
20221101_201126,156,151,195,193,131,182,1.389312977,-0.002994715,0.002994715,,278.7234043,260,0.932824427,-0.002010737,0.002010737,
20221101_201126,165,151,207,194,131,183,1.396946565,0.007633588,0.007633588,,278.7234043,261.4285714,0.937949836,0.005125409,0.005125409,
20221101_201126,169,152,199,195,132,184,1.393939394,-0.003007171,0.003007171,,280.8510638,262.8571429,0.935930736,-0.0020191,0.0020191,
20221101_201126,165,153,201,196,133,185,1.390977444,-0.00296195,0.00296195,,282.9787234,264.2857143,0.933941998,-0.001988738,0.001988738,
20221101_201126,165,154,206,197,134,186,1.388059701,-0.002917742,0.002917742,,285.106383,265.7142857,0.931982942,-0.001959055,0.001959055,
20221101_201126,155,154,213,198,134,187,1.395522388,0.007462687,0.007462687,,285.106383,267.1428571,0.936993603,0.005010661,0.005010661,
20221101_201126,160,155,210,198,135,187,1.385185185,-0.010337203,0.010337203,,287.2340426,267.1428571,0.93005291,-0.006940693,0.006940693,
20221101_201126,159,155,204,199,135,188,1.392592593,0.007407407,0.007407407,,287.2340426,268.5714286,0.935026455,0.004973545,0.004973545,
20221101_201127,160,156,215,200,136,189,1.389705882,-0.00288671,0.00288671,,289.3617021,270,0.933088235,-0.00193822,0.00193822,
20221101_201127,155,156,213,201,136,190,1.397058824,0.007352941,0.007352941,,289.3617021,271.4285714,0.93802521,0.004936975,0.004936975,
20221101_201127,166,157,225,202,137,191,1.394160584,-0.00289824,0.00289824,,291.4893617,272.8571429,0.936079249,-0.001945961,0.001945961,
20221101_201127,159,157,221,203,137,192,1.401459854,0.00729927,0.00729927,,291.4893617,274.2857143,0.940980188,0.004900938,0.004900938,
20221101_201127,166,158,209,203,138,192,1.391304348,-0.010155506,0.010155506,,293.6170213,274.2857143,0.934161491,-0.006818697,0.006818697,
20221101_201127,168,158,210,204,138,193,1.398550725,0.007246377,0.007246377,,293.6170213,275.7142857,0.939026915,0.004865424,0.004865424,
20221101_201127,179,159,225,204,139,193,1.388489209,-0.010061516,0.010061516,,295.7446809,275.7142857,0.932271326,-0.006755589,0.006755589,
20221101_201127,175,159,204,205,139,194,1.395683453,0.007194245,0.007194245,,295.7446809,277.1428571,0.937101747,0.004830421,0.004830421,
20221101_201127,166,160,215,205,140,194,1.385714286,-0.009969168,0.009969168,,297.8723404,277.1428571,0.930408163,-0.006693584,0.006693584,
20221101_201128,170,161,218,207,141,196,1.390070922,0.004356636,0.004356636,,300,280,0.933333333,0.00292517,0.00292517,
20221101_201128,165,161,215,208,141,197,1.397163121,0.007092199,0.007092199,,300,281.4285714,0.938095238,0.004761905,0.004761905,
20221101_201128,169,162,220,208,142,197,1.387323944,-0.009839177,0.009839177,,302.1276596,281.4285714,0.931488934,-0.006606304,0.006606304,
20221101_201128,187,162,244,209,142,198,1.394366197,0.007042254,0.007042254,,302.1276596,282.8571429,0.936217304,0.00472837,0.00472837,
20221101_201128,199,163,253,210,143,199,1.391608392,-0.002757806,0.002757806,,304.2553191,284.2857143,0.934365634,-0.001851669,0.001851669,
20221101_201128,209,164,268,210,144,199,1.381944444,-0.009663947,0.009663947,,306.3829787,284.2857143,0.927876984,-0.00648865,0.00648865,
20221101_201129,227,165,300,212,145,201,1.386206897,0.004262452,0.004262452,,308.5106383,287.1428571,0.930738916,0.002861932,0.002861932,
20221101_201129,253,166,319,213,146,202,1.383561644,-0.002645253,0.002645253,,310.6382979,288.5714286,0.928962818,-0.001776098,0.001776098,
20221101_201129,279,167,361,215,147,204,1.387755102,0.004193458,0.004193458,,312.7659574,291.4285714,0.931778426,0.002815608,0.002815608,
20221101_201129,288,168,373,216,148,205,1.385135135,-0.002619967,0.002619967,,314.893617,292.8571429,0.930019305,-0.001759121,0.001759121,
20221101_201129,321,170,423,218,150,207,1.38,-0.005135135,0.005135135,,319.1489362,295.7142857,0.926571429,-0.003447876,0.003447876,
20221101_201129,308,171,431,221,151,210,1.390728477,0.010728477,0.010728477,,321.2765957,300,0.933774834,0.007203406,0.007203406,
20221101_201129,320,173,457,223,153,212,1.385620915,-0.005107562,0.005107562,,325.5319149,302.8571429,0.930345472,-0.003429363,0.003429363,
20221101_201129,311,174,450,225,154,214,1.38961039,0.003989475,0.003989475,,327.6595745,305.7142857,0.933024119,0.002678647,0.002678647,
20221101_201129,329,176,448,228,156,217,1.391025641,0.001415251,0.001415251,,331.9148936,310,0.933974359,0.00095024,0.00095024,
20221101_201129,323,177,438,230,157,219,1.394904459,0.003878818,0.003878818,,334.0425532,312.8571429,0.936578708,0.002604349,0.002604349,
20221101_201130,334,179,454,232,159,221,1.389937107,-0.004967352,0.004967352,,338.2978723,315.7142857,0.933243486,-0.003335222,0.003335222,
20221101_201130,338,182,469,237,162,226,1.395061728,0.005124621,0.005124621,,344.6808511,322.8571429,0.936684303,0.003440817,0.003440817,
20221101_201130,324,184,481,239,164,228,1.390243902,-0.004817826,0.004817826,,348.9361702,325.7142857,0.933449477,-0.003234826,0.003234826,
20221101_201130,350,187,486,244,167,233,1.395209581,0.004965678,0.004965678,,355.3191489,332.8571429,0.936783576,0.003334098,0.003334098,
20221101_201130,363,189,481,247,169,236,1.396449704,0.001240123,0.001240123,,359.5744681,337.1428571,0.93761623,0.000832654,0.000832654,
20221101_201130,350,191,470,249,171,238,1.391812865,-0.004636839,0.004636839,,363.8297872,340,0.934502924,-0.003113306,0.003113306,
20221101_201130,348,192,496,252,172,241,1.401162791,0.009349925,0.009349925,,365.9574468,344.2857143,0.940780731,0.006277807,0.006277807,
20221101_201130,348,196,488,257,176,246,1.397727273,-0.003435518,0.003435518,,374.4680851,351.4285714,0.938474026,-0.002306705,0.002306705,
20221101_201131,340,197,496,260,177,249,1.406779661,0.009052388,0.009052388,,376.5957447,355.7142857,0.944552058,0.006078032,0.006078032,
20221101_201131,355,199,463,262,179,251,1.402234637,-0.004545024,0.004545024,,380.8510638,358.5714286,0.941500399,-0.003051659,0.003051659,
20221101_201131,342,201,497,265,181,254,1.403314917,0.00108028,0.00108028,,385.106383,362.8571429,0.94222573,0.000725331,0.000725331,
20221101_201131,335,204,481,270,184,259,1.407608696,0.004293779,0.004293779,,391.4893617,370,0.945108696,0.002882966,0.002882966,
20221101_201131,335,206,481,272,186,261,1.403225806,-0.004382889,0.004382889,,395.7446809,372.8571429,0.942165899,-0.002942797,0.002942797,
20221101_201131,353,209,493,278,189,267,1.412698413,0.009472606,0.009472606,,402.1276596,381.4285714,0.948526077,0.006360178,0.006360178,
20221101_201131,352,211,493,280,191,269,1.408376963,-0.004321449,0.004321449,,406.3829787,384.2857143,0.945624533,-0.002901545,0.002901545,
20221101_201131,350,213,484,283,193,272,1.409326425,0.000949462,0.000949462,,410.6382979,388.5714286,0.946262028,0.000637496,0.000637496,
20221101_201132,346,214,500,286,194,275,1.417525773,0.008199348,0.008199348,,412.7659574,392.8571429,0.951767305,0.005505277,0.005505277,
20221101_201132,336,216,488,289,196,278,1.418367347,0.000841574,0.000841574,,417.0212766,397.1428571,0.952332362,0.000565057,0.000565057,
20221101_201132,350,218,502,292,198,281,1.419191919,0.000824572,0.000824572,,421.2765957,401.4285714,0.952886003,0.000553641,0.000553641,
20221101_201132,366,220,514,295,200,284,1.42,0.000808081,0.000808081,,425.5319149,405.7142857,0.953428571,0.000542569,0.000542569,
20221101_201132,355,222,491,297,202,286,1.415841584,-0.004158416,0.004158416,,429.787234,408.5714286,0.950636492,-0.002792079,0.002792079,
20221101_201132,356,224,517,301,204,290,1.421568627,0.005727043,0.005727043,,434.0425532,414.2857143,0.954481793,0.0038453,0.0038453,
20221101_201132,353,226,505,304,206,293,1.422330097,0.00076147,0.00076147,,438.2978723,418.5714286,0.954993065,0.000511272,0.000511272,
20221101_201132,359,230,502,310,210,299,1.423809524,0.001479427,0.001479427,,446.8085106,427.1428571,0.955986395,0.000993329,0.000993329,
20221101_201132,355,232,510,313,212,302,1.424528302,0.000718778,0.000718778,,451.0638298,431.4285714,0.956469003,0.000482608,0.000482608,
20221101_201132,349,234,512,316,214,305,1.425233645,0.000705343,0.000705343,,455.3191489,435.7142857,0.95694259,0.000473587,0.000473587,
20221101_201133,340,235,513,319,215,308,1.43255814,0.007324495,0.007324495,,457.4468085,440,0.961860465,0.004917875,0.004917875,
20221101_201133,351,237,513,322,217,311,1.433179724,0.000621584,0.000621584,,461.7021277,444.2857143,0.962277814,0.000417349,0.000417349,
20221101_201133,373,239,527,326,219,315,1.438356164,0.005176441,0.005176441,,465.9574468,450,0.965753425,0.00347561,0.00347561,
20221101_201133,362,241,524,329,221,318,1.438914027,0.000557863,0.000557863,,470.212766,454.2857143,0.96612799,0.000374565,0.000374565,
20221101_201133,348,243,509,332,223,321,1.439461883,0.000547856,0.000547856,,474.4680851,458.5714286,0.966495836,0.000367846,0.000367846,
20221101_201133,371,247,515,338,227,327,1.440528634,0.001066751,0.001066751,,482.9787234,467.1428571,0.967212083,0.000716247,0.000716247,
20221101_201133,353,249,513,341,229,330,1.441048035,0.000519401,0.000519401,,487.2340426,471.4285714,0.967560823,0.00034874,0.00034874,
20221101_201133,366,251,515,344,231,333,1.441558442,0.000510407,0.000510407,,491.4893617,475.7142857,0.967903525,0.000342702,0.000342702,
20221101_201133,358,253,515,347,233,336,1.442060086,0.000501644,0.000501644,,495.7446809,480,0.968240343,0.000336818,0.000336818,
20221101_201134,355,255,497,350,235,339,1.442553191,0.000493106,0.000493106,,500,484.2857143,0.968571429,0.000331085,0.000331085,
20221101_201134,393,258,527,353,238,342,1.43697479,-0.005578402,0.005578402,,506.3829787,488.5714286,0.96482593,-0.003745498,0.003745498,
20221101_201134,371,262,532,360,242,349,1.44214876,0.00517397,0.00517397,,514.893617,498.5714286,0.968299882,0.003473952,0.003473952,
20221101_201134,375,264,503,363,244,352,1.442622951,0.00047419,0.00047419,,519.1489362,502.8571429,0.968618267,0.000318385,0.000318385,
20221101_201134,358,266,515,366,246,355,1.443089431,0.00046648,0.00046648,,523.4042553,507.1428571,0.968931475,0.000313208,0.000313208,
20221101_201134,360,268,513,369,248,358,1.443548387,0.000458956,0.000458956,,527.6595745,511.4285714,0.969239631,0.000308156,0.000308156,
20221101_201134,358,270,521,372,250,361,1.444,0.000451613,0.000451613,,531.9148936,515.7142857,0.969542857,0.000303226,0.000303226,
20221101_201134,366,274,521,379,254,368,1.448818898,0.004818898,0.004818898,,540.4255319,525.7142857,0.972778403,0.003235546,0.003235546,
20221101_201135,363,276,529,382,256,371,1.44921875,0.000399852,0.000399852,,544.6808511,530,0.973046875,0.000268472,0.000268472,
20221101_201135,363,279,520,385,259,374,1.444015444,-0.005203306,0.005203306,,551.0638298,534.2857143,0.969553227,-0.003493648,0.003493648,
20221101_201135,354,281,519,389,261,378,1.448275862,0.004260418,0.004260418,,555.3191489,540,0.972413793,0.002860566,0.002860566,
20221101_201135,370,283,510,392,263,381,1.448669202,0.000393339,0.000393339,,559.5744681,544.2857143,0.972677892,0.000264099,0.000264099,
20221101_201135,363,285,518,395,265,384,1.449056604,0.000387402,0.000387402,,563.8297872,548.5714286,0.972938005,0.000260113,0.000260113,
20221101_201135,375,287,507,398,267,387,1.449438202,0.000381598,0.000381598,,568.0851064,552.8571429,0.973194222,0.000256216,0.000256216,
20221101_201135,371,289,503,401,269,390,1.449814126,0.000375924,0.000375924,,572.3404255,557.1428571,0.973446628,0.000252406,0.000252406,
20221101_201135,377,291,523,404,271,393,1.450184502,0.000370375,0.000370375,,576.5957447,561.4285714,0.973695308,0.000248681,0.000248681,
20221101_201135,364,293,529,408,273,397,1.454212454,0.004027952,0.004027952,,580.8510638,567.1428571,0.976399791,0.002704482,0.002704482,
20221101_201135,378,298,513,414,278,403,1.449640288,-0.004572166,0.004572166,,591.4893617,575.7142857,0.973329908,-0.003069883,0.003069883,
20221101_201136,373,302,513,420,282,409,1.45035461,0.000714322,0.000714322,,600,584.2857143,0.973809524,0.000479616,0.000479616,
20221101_201136,371,304,507,423,284,412,1.450704225,0.000349615,0.000349615,,604.2553191,588.5714286,0.974044266,0.000234742,0.000234742,
20221101_201136,378,306,513,426,286,415,1.451048951,0.000344726,0.000344726,,608.5106383,592.8571429,0.974275724,0.000231459,0.000231459,
20221101_201136,374,308,502,429,288,418,1.451388889,0.000339938,0.000339938,,612.7659574,597.1428571,0.974503968,0.000228244,0.000228244,
20221101_201136,362,310,535,432,290,421,1.451724138,0.000335249,0.000335249,,617.0212766,601.4285714,0.974729064,0.000225096,0.000225096,
20221101_201136,368,312,522,435,292,424,1.452054795,0.000330657,0.000330657,,621.2765957,605.7142857,0.974951076,0.000222012,0.000222012,
20221101_201136,370,314,526,438,294,427,1.452380952,0.000326158,0.000326158,,625.5319149,610,0.975170068,0.000218992,0.000218992,
20221101_201136,367,316,521,441,296,430,1.452702703,0.00032175,0.00032175,,629.787234,614.2857143,0.9753861,0.000216032,0.000216032,
20221101_201136,366,318,535,444,298,433,1.453020134,0.000317432,0.000317432,,634.0425532,618.5714286,0.975599233,0.000213133,0.000213133,
20221101_201137,376,320,522,447,300,436,1.453333333,0.000313199,0.000313199,,638.2978723,622.8571429,0.975809524,0.000210291,0.000210291,
20221101_201137,367,322,552,451,302,440,1.456953642,0.003620309,0.003620309,,642.5531915,628.5714286,0.978240303,0.002430779,0.002430779,
20221101_201137,358,324,518,454,304,443,1.457236842,0.0002832,0.0002832,,646.8085106,632.8571429,0.978430451,0.000190148,0.000190148,
20221101_201137,354,326,532,457,306,446,1.45751634,0.000279498,0.000279498,,651.0638298,637.1428571,0.978618114,0.000187663,0.000187663,
20221101_201137,366,328,535,460,308,449,1.457792208,0.000275868,0.000275868,,655.3191489,641.4285714,0.97880334,0.000185226,0.000185226,
20221101_201137,371,330,526,463,310,452,1.458064516,0.000272308,0.000272308,,659.5744681,645.7142857,0.978986175,0.000182836,0.000182836,
20221101_201137,367,334,510,469,314,458,1.458598726,0.00053421,0.00053421,,668.0851064,654.2857143,0.979344859,0.000358684,0.000358684,
20221101_201137,368,336,533,472,316,461,1.458860759,0.000262033,0.000262033,,672.3404255,658.5714286,0.979520796,0.000175937,0.000175937,
20221101_201137,359,338,519,475,318,464,1.459119497,0.000258737,0.000258737,,676.5957447,662.8571429,0.979694519,0.000173724,0.000173724,
20221101_201138,366,340,544,479,320,468,1.4625,0.003380503,0.003380503,,680.8510638,668.5714286,0.981964286,0.002269766,0.002269766,
20221101_201138,397,342,533,482,322,471,1.462732919,0.000232919,0.000232919,,685.106383,672.8571429,0.982120674,0.000156389,0.000156389,
20221101_201138,367,344,530,485,324,474,1.462962963,0.000230044,0.000230044,,689.3617021,677.1428571,0.982275132,0.000154458,0.000154458,
20221101_201138,372,346,516,488,326,477,1.463190184,0.000227221,0.000227221,,693.6170213,681.4285714,0.982427695,0.000152563,0.000152563,
20221101_201138,383,348,526,491,328,480,1.463414634,0.00022445,0.00022445,,697.8723404,685.7142857,0.982578397,0.000150702,0.000150702,
20221101_201138,363,349,525,493,329,482,1.465045593,0.001630959,0.001630959,,700,688.5714286,0.983673469,0.001095072,0.001095072,
20221101_201138,374,351,543,496,331,485,1.465256798,0.000211205,0.000211205,,704.2553191,692.8571429,0.983815278,0.000141809,0.000141809,
20221101_201138,369,353,520,498,333,487,1.462462462,-0.002794335,0.002794335,,708.5106383,695.7142857,0.981939082,-0.001876196,0.001876196,
20221101_201138,364,354,536,501,334,490,1.467065868,0.004603406,0.004603406,,710.6382979,700,0.98502994,0.003090858,0.003090858,
20221101_201138,385,355,521,503,335,492,1.468656716,0.001590848,0.001590848,,712.7659574,702.8571429,0.986098081,0.001068141,0.001068141,
20221101_201139,368,356,540,504,336,493,1.467261905,-0.001394812,0.001394812,,714.893617,704.2857143,0.985161565,-0.000936516,0.000936516,
20221101_201139,367,357,524,506,337,495,1.46884273,0.001580825,0.001580825,,717.0212766,707.1428571,0.986222976,0.001061411,0.001061411,
20221101_201139,366,357,532,507,337,496,1.471810089,0.002967359,0.002967359,,717.0212766,708.5714286,0.988215345,0.00199237,0.00199237,
20221101_201139,374,358,534,508,338,497,1.470414201,-0.001395888,0.001395888,,719.1489362,710,0.987278107,-0.000937239,0.000937239,
20221101_201139,379,359,534,509,339,498,1.469026549,-0.001387653,0.001387653,,721.2765957,711.4285714,0.986346397,-0.00093171,0.00093171,
20221101_201139,375,359,533,510,339,499,1.471976401,0.002949853,0.002949853,,721.2765957,712.8571429,0.988327012,0.001980615,0.001980615,
20221101_201139,388,360,520,512,340,501,1.473529412,0.001553011,0.001553011,,723.4042553,715.7142857,0.989369748,0.001042736,0.001042736,
20221101_201139,371,361,524,512,341,501,1.469208211,-0.004321201,0.004321201,,725.5319149,715.7142857,0.98646837,-0.002901378,0.002901378,
20221101_201140,373,361,519,513,341,502,1.472140762,0.002932551,0.002932551,,725.5319149,717.1428571,0.988437369,0.001968999,0.001968999,
20221101_201140,383,362,536,513,342,502,1.467836257,-0.004304505,0.004304505,,727.6595745,717.1428571,0.985547201,-0.002890168,0.002890168,
20221101_201140,379,362,550,514,342,503,1.470760234,0.002923977,0.002923977,,727.6595745,718.5714286,0.987510443,0.001963241,0.001963241,
20221101_201140,373,362,517,515,342,504,1.473684211,0.002923977,0.002923977,,727.6595745,720,0.989473684,0.001963241,0.001963241,
20221101_201140,369,363,516,515,343,504,1.469387755,-0.004296455,0.004296455,,729.787234,720,0.986588921,-0.002884763,0.002884763,
20221101_201140,376,363,512,516,343,505,1.472303207,0.002915452,0.002915452,,729.787234,721.4285714,0.988546439,0.001957518,0.001957518,
20221101_201141,371,364,527,517,344,506,1.470930233,-0.001372974,0.001372974,,731.9148936,722.8571429,0.987624585,-0.000921854,0.000921854,
20221101_201141,358,364,499,518,344,507,1.473837209,0.002906977,0.002906977,,731.9148936,724.2857143,0.989576412,0.001951827,0.001951827,
20221101_201141,370,365,531,518,345,507,1.469565217,-0.004271992,0.004271992,,734.0425532,724.2857143,0.986708075,-0.002868337,0.002868337,
20221101_201142,359,365,513,519,345,508,1.472463768,0.002898551,0.002898551,,734.0425532,725.7142857,0.988654244,0.00194617,0.00194617,
20221101_201142,382,366,527,519,346,508,1.468208092,-0.004255676,0.004255676,,736.1702128,725.7142857,0.985796862,-0.002857382,0.002857382,
20221101_201142,411,366,563,520,346,509,1.471098266,0.002890173,0.002890173,,736.1702128,727.1428571,0.987737407,0.001940545,0.001940545,
20221101_201142,410,367,600,521,347,510,1.469740634,-0.001357632,0.001357632,,738.2978723,728.5714286,0.986825854,-0.000911553,0.000911553,
20221101_201142,417,367,600,522,347,511,1.472622478,0.002881844,0.002881844,,738.2978723,730,0.988760807,0.001934953,0.001934953,
20221101_201142,417,368,617,523,348,512,1.471264368,-0.001358111,0.001358111,,740.4255319,731.4285714,0.987848933,-0.000911874,0.000911874,
20221101_201143,415,369,614,524,349,513,1.46991404,-0.001350328,0.001350328,,742.5531915,732.8571429,0.986942284,-0.000906649,0.000906649,
20221101_201143,425,370,613,525,350,514,1.468571429,-0.001342612,0.001342612,,744.6808511,734.2857143,0.986040816,-0.000901468,0.000901468,
20221101_201143,419,370,601,526,350,515,1.471428571,0.002857143,0.002857143,,744.6808511,735.7142857,0.987959184,0.001918367,0.001918367,
20221101_201143,417,371,594,526,351,515,1.467236467,-0.004192104,0.004192104,,746.8085106,735.7142857,0.985144485,-0.002814699,0.002814699,
20221101_201143,410,371,586,527,351,516,1.47008547,0.002849003,0.002849003,,746.8085106,737.1428571,0.987057387,0.001912902,0.001912902,
20221101_201143,420,372,602,528,352,517,1.46875,-0.00133547,0.00133547,,748.9361702,738.5714286,0.986160714,-0.000896673,0.000896673,
20221101_201143,416,372,634,529,352,518,1.471590909,0.002840909,0.002840909,,748.9361702,740,0.988068182,0.001907468,0.001907468,
20221101_201143,423,373,625,530,353,519,1.470254958,-0.001335952,0.001335952,,751.0638298,741.4285714,0.987171186,-0.000896996,0.000896996,
20221101_201143,418,374,604,531,354,520,1.468926554,-0.001328404,0.001328404,,753.1914894,742.8571429,0.986279257,-0.000891928,0.000891928,
20221101_201143,419,374,611,532,354,521,1.471751412,0.002824859,0.002824859,,753.1914894,744.2857143,0.988175948,0.001896691,0.001896691,
20221101_201144,428,375,620,533,355,522,1.470422535,-0.001328877,0.001328877,,755.3191489,745.7142857,0.987283702,-0.000892246,0.000892246,
20221101_201144,429,375,627,534,355,523,1.473239437,0.002816901,0.002816901,,755.3191489,747.1428571,0.98917505,0.001891348,0.001891348,
20221101_201144,427,376,606,535,356,524,1.471910112,-0.001329324,0.001329324,,757.4468085,748.5714286,0.988282504,-0.000892546,0.000892546,
20221101_201144,428,377,621,537,357,526,1.473389356,0.001479243,0.001479243,,759.5744681,751.4285714,0.98927571,0.000993206,0.000993206,
20221101_201144,449,378,652,539,358,528,1.474860335,0.001470979,0.001470979,,761.7021277,754.2857143,0.990263368,0.000987658,0.000987658,
20221101_201144,444,379,646,540,359,529,1.473537604,-0.001322731,0.001322731,,763.8297872,755.7142857,0.989375249,-0.000888119,0.000888119,
20221101_201144,436,380,637,541,360,530,1.472222222,-0.001315382,0.001315382,,765.9574468,757.1428571,0.988492063,-0.000883185,0.000883185,
20221101_201144,431,380,645,542,360,531,1.475,0.002777778,0.002777778,,765.9574468,758.5714286,0.990357143,0.001865079,0.001865079,
20221101_201144,440,381,666,544,361,533,1.476454294,0.001454294,0.001454294,,768.0851064,761.4285714,0.991333597,0.000976454,0.000976454,
20221101_201145,438,382,643,545,362,534,1.475138122,-0.001316172,0.001316172,,770.212766,762.8571429,0.990449882,-0.000883716,0.000883716,
20221101_201145,444,383,643,546,363,535,1.473829201,-0.00130892,0.00130892,,772.3404255,764.2857143,0.989571035,-0.000878847,0.000878847,
20221101_201145,422,383,633,547,363,536,1.476584022,0.002754821,0.002754821,,772.3404255,765.7142857,0.991420701,0.001849665,0.001849665,
20221101_201145,428,384,639,549,364,538,1.478021978,0.001437956,0.001437956,,774.4680851,768.5714286,0.992386185,0.000965485,0.000965485,
20221101_201145,448,385,640,550,365,539,1.476712329,-0.001309649,0.001309649,,776.5957447,770,0.991506849,-0.000879336,0.000879336,
20221101_201145,438,385,649,551,365,540,1.479452055,0.002739726,0.002739726,,776.5957447,771.4285714,0.99334638,0.00183953,0.00183953,
20221101_201145,435,386,605,552,366,541,1.478142077,-0.001309978,0.001309978,,778.7234043,772.8571429,0.992466823,-0.000879557,0.000879557,
20221101_201145,442,387,655,554,367,543,1.479564033,0.001421956,0.001421956,,780.8510638,775.7142857,0.993421565,0.000954742,0.000954742,
20221101_201145,440,387,641,555,367,544,1.482288828,0.002724796,0.002724796,,780.8510638,777.1428571,0.99525107,0.001829506,0.001829506,
20221101_201145,440,388,646,556,368,545,1.480978261,-0.001310567,0.001310567,,782.9787234,778.5714286,0.994371118,-0.000879952,0.000879952,
20221101_201145,448,389,640,557,369,546,1.479674797,-0.001303464,0.001303464,,785.106383,780,0.993495935,-0.000875183,0.000875183,
20221101_201146,451,390,631,558,370,547,1.478378378,-0.001296418,0.001296418,,787.2340426,781.4285714,0.992625483,-0.000870452,0.000870452,
20221101_201146,435,390,639,560,370,549,1.483783784,0.005405405,0.005405405,,787.2340426,784.2857143,0.996254826,0.003629344,0.003629344,
20221101_201146,441,391,628,561,371,550,1.482479784,-0.001303999,0.001303999,,789.3617021,785.7142857,0.995379284,-0.000875542,0.000875542,
20221101_201146,445,392,643,562,372,551,1.481182796,-0.001296989,0.001296989,,791.4893617,787.1428571,0.994508449,-0.000870835,0.000870835,
20221101_201146,435,392,647,563,372,552,1.483870968,0.002688172,0.002688172,,791.4893617,788.5714286,0.996313364,0.001804916,0.001804916,
20221101_201146,452,393,630,564,373,553,1.482573727,-0.001297241,0.001297241,,793.6170213,790,0.995442359,-0.000871005,0.000871005,
20221101_201146,436,394,647,566,374,555,1.483957219,0.001383493,0.001383493,,795.7446809,792.8571429,0.996371276,0.000928917,0.000928917,
20221101_201146,456,395,648,567,375,556,1.482666667,-0.001290553,0.001290553,,797.8723404,794.2857143,0.995504762,-0.000866514,0.000866514,
20221101_201146,425,395,647,568,375,557,1.485333333,0.002666667,0.002666667,,797.8723404,795.7142857,0.997295238,0.001790476,0.001790476,
20221101_201146,444,396,635,569,376,558,1.484042553,-0.00129078,0.00129078,,800,797.1428571,0.996428571,-0.000866667,0.000866667,
20221101_201147,432,396,669,571,376,560,1.489361702,0.005319149,0.005319149,,800,800,1,0.003571429,0.003571429,
20221101_201147,444,397,638,571,377,560,1.485411141,-0.003950562,0.003950562,,802.1276596,800,0.99734748,-0.00265252,0.00265252,
20221101_201147,443,398,631,573,378,562,1.486772487,0.001361346,0.001361346,,804.2553191,802.8571429,0.998261527,0.000914047,0.000914047,
20221101_201147,440,399,627,573,379,562,1.482849604,-0.003922883,0.003922883,,806.3829787,802.8571429,0.995627591,-0.002633935,0.002633935,
20221101_201147,439,400,680,575,380,564,1.484210526,0.001360922,0.001360922,,808.5106383,805.7142857,0.996541353,0.000913762,0.000913762,
20221101_201147,428,400,665,576,380,565,1.486842105,0.002631579,0.002631579,,808.5106383,807.1428571,0.998308271,0.001766917,0.001766917,
20221101_201147,450,401,656,578,381,567,1.488188976,0.001346871,0.001346871,,810.6382979,810,0.999212598,0.000904328,0.000904328,
20221101_201147,431,402,615,579,382,568,1.486910995,-0.001277982,0.001277982,,812.7659574,811.4285714,0.998354525,-0.000858073,0.000858073,
20221101_201147,438,403,640,581,383,570,1.488250653,0.001339658,0.001339658,,814.893617,814.2857143,0.99925401,0.000899485,0.000899485,
20221101_201148,442,404,651,582,384,571,1.486979167,-0.001271486,0.001271486,,817.0212766,815.7142857,0.998400298,-0.000853712,0.000853712,
20221101_201148,444,405,631,583,385,572,1.485714286,-0.001264881,0.001264881,,819.1489362,817.1428571,0.99755102,-0.000849277,0.000849277,
20221101_201148,425,406,649,585,386,574,1.487046632,0.001332346,0.001332346,,821.2765957,820,0.998445596,0.000894575,0.000894575,
20221101_201148,450,406,620,586,386,575,1.489637306,0.002590674,0.002590674,,821.2765957,821.4285714,1.000185048,0.001739452,0.001739452,
20221101_201148,430,407,620,587,387,576,1.488372093,-0.001265213,0.001265213,,823.4042553,822.8571429,0.999335548,-0.0008495,0.0008495,
20221101_201148,434,408,613,587,388,576,1.484536082,-0.003836011,0.003836011,,825.5319149,822.8571429,0.996759941,-0.002575607,0.002575607,
20221101_201148,441,408,631,588,388,577,1.487113402,0.00257732,0.00257732,,825.5319149,824.2857143,0.998490427,0.001730486,0.001730486,
20221101_201148,425,409,596,589,389,578,1.485861183,-0.00125222,0.00125222,,827.6595745,825.7142857,0.997649651,-0.000840776,0.000840776,
20221101_201148,430,409,634,590,389,579,1.488431877,0.002570694,0.002570694,,827.6595745,827.1428571,0.999375689,0.001726037,0.001726037,
20221101_201149,424,410,648,591,390,580,1.487179487,-0.001252389,0.001252389,,829.787234,828.5714286,0.998534799,-0.00084089,0.00084089,
20221101_201149,435,411,617,592,391,581,1.485933504,-0.001245983,0.001245983,,831.9148936,830,0.99769821,-0.000836589,0.000836589,
20221101_201149,433,411,644,593,391,582,1.488491049,0.002557545,0.002557545,,831.9148936,831.4285714,0.999415418,0.001717209,0.001717209,
20221101_201149,420,412,608,594,392,583,1.487244898,-0.001246151,0.001246151,,834.0425532,832.8571429,0.998578717,-0.000836701,0.000836701,
20221101_201149,415,413,612,595,393,584,1.486005089,-0.001239809,0.001239809,,836.1702128,834.2857143,0.997746274,-0.000832443,0.000832443,
20221101_201149,428,413,617,596,393,585,1.488549618,0.002544529,0.002544529,,836.1702128,835.7142857,0.999454744,0.00170847,0.00170847,
20221101_201149,410,414,592,597,394,586,1.487309645,-0.001239974,0.001239974,,838.2978723,837.1428571,0.99862219,-0.000832554,0.000832554,
20221101_201149,428,414,594,598,394,587,1.489847716,0.002538071,0.002538071,,838.2978723,838.5714286,1.000326323,0.001704133,0.001704133,
20221101_201150,429,415,583,598,395,587,1.486075949,-0.003771766,0.003771766,,840.4255319,838.5714286,0.997793852,-0.002532472,0.002532472,
20221101_201150,427,415,608,599,395,588,1.488607595,0.002531646,0.002531646,,840.4255319,840,0.999493671,0.001699819,0.001699819,
20221101_201150,425,416,607,600,396,589,1.487373737,-0.001233858,0.001233858,,842.5531915,841.4285714,0.998665224,-0.000828447,0.000828447,
20221101_201150,416,416,606,601,396,590,1.48989899,0.002525253,0.002525253,,842.5531915,842.8571429,1.00036075,0.001695527,0.001695527,
20221101_201150,422,417,602,602,397,591,1.488664987,-0.001234002,0.001234002,,844.6808511,844.2857143,0.999532206,-0.000828545,0.000828545,
20221101_201150,422,417,607,603,397,592,1.491183879,0.002518892,0.002518892,,844.6808511,845.7142857,1.001223462,0.001691256,0.001691256,
20221101_201150,436,418,604,604,398,593,1.489949749,-0.00123413,0.00123413,,846.8085106,847.1428571,1.000394831,-0.00082863,0.00082863,
20221101_201150,427,419,645,605,399,594,1.488721805,-0.001227944,0.001227944,,848.9361702,848.5714286,0.999570354,-0.000824477,0.000824477,
20221101_201150,435,419,601,606,399,595,1.49122807,0.002506266,0.002506266,,848.9361702,850,1.001253133,0.001682778,0.001682778,
20221101_201151,451,420,623,607,400,596,1.49,-0.00122807,0.00122807,,851.0638298,851.4285714,1.000428571,-0.000824561,0.000824561,
20221101_201151,431,421,645,609,401,598,1.49127182,0.00127182,0.00127182,,853.1914894,854.2857143,1.001282508,0.000853937,0.000853937,
20221101_201151,455,422,636,610,402,599,1.490049751,-0.001222069,0.001222069,,855.3191489,855.7142857,1.000461976,-0.000820532,0.000820532,
20221101_201151,437,423,652,611,403,600,1.488833747,-0.001216004,0.001216004,,857.4468085,857.1428571,0.999645516,-0.00081646,0.00081646,
20221101_201151,441,423,633,612,403,601,1.491315136,0.00248139,0.00248139,,857.4468085,858.5714286,1.001311592,0.001666076,0.001666076,
20221101_201205,418,425,644,612,405,601,1.483950617,-0.007364519,0.007364519,,861.7021277,858.5714286,0.996366843,-0.004944749,0.004944749,
20221101_201151,464,425,624,613,405,602,1.486419753,0.002469136,0.002469136,,861.7021277,860,0.998024691,0.001657848,0.001657848,
20221101_201151,434,425,622,614,405,603,1.488888889,0.002469136,0.002469136,,861.7021277,861.4285714,0.99968254,0.001657848,0.001657848,
20221101_201204,450,426,621,612,406,601,1.480295567,-0.008593322,0.008593322,,863.8297872,858.5714286,0.993912738,-0.005769802,0.005769802,
20221101_201204,444,426,634,613,406,602,1.482758621,0.002463054,0.002463054,,863.8297872,860,0.995566502,0.001653765,0.001653765,
20221101_201203,438,426,612,614,406,603,1.485221675,0.002463054,0.002463054,,863.8297872,861.4285714,0.997220267,0.001653765,0.001653765,
20221101_201151,431,426,619,615,406,604,1.487684729,0.002463054,0.002463054,,863.8297872,862.8571429,0.998874032,0.001653765,0.001653765,
20221101_201202,412,427,616,615,407,604,1.484029484,-0.003655245,0.003655245,,865.9574468,862.8571429,0.996419796,-0.002454236,0.002454236,
20221101_201207,427,427,654,616,407,605,1.486486486,0.002457002,0.002457002,,865.9574468,864.2857143,0.998069498,0.001649702,0.001649702,
20221101_201151,429,427,646,617,407,606,1.488943489,0.002457002,0.002457002,,865.9574468,865.7142857,0.9997192,0.001649702,0.001649702,
20221101_201151,442,427,638,618,407,607,1.491400491,0.002457002,0.002457002,,865.9574468,867.1428571,1.001368901,0.001649702,0.001649702,
20221101_201202,438,428,614,615,408,604,1.480392157,-0.011008335,0.011008335,,868.0851064,862.8571429,0.993977591,-0.00739131,0.00739131,
20221101_201202,415,428,608,616,408,605,1.482843137,0.00245098,0.00245098,,868.0851064,864.2857143,0.995623249,0.001645658,0.001645658,
20221101_201208,432,428,623,617,408,606,1.485294118,0.00245098,0.00245098,,868.0851064,865.7142857,0.997268908,0.001645658,0.001645658,
20221101_201208,430,428,641,618,408,607,1.487745098,0.00245098,0.00245098,,868.0851064,867.1428571,0.998914566,0.001645658,0.001645658,
20221101_201152,450,428,642,619,408,608,1.490196078,0.00245098,0.00245098,,868.0851064,868.5714286,1.000560224,0.001645658,0.001645658,
20221101_201201,415,429,596,616,409,605,1.479217604,-0.010978475,0.010978475,,870.212766,864.2857143,0.993188963,-0.007371261,0.007371261,
20221101_201201,425,429,588,617,409,606,1.481662592,0.002444988,0.002444988,,870.212766,865.7142857,0.994830597,0.001641635,0.001641635,
20221101_201159,422,429,597,618,409,607,1.484107579,0.002444988,0.002444988,,870.212766,867.1428571,0.996472232,0.001641635,0.001641635,
20221101_201208,449,429,645,619,409,608,1.486552567,0.002444988,0.002444988,,870.212766,868.5714286,0.998113867,0.001641635,0.001641635,
20221101_201152,430,429,623,620,409,609,1.488997555,0.002444988,0.002444988,,870.212766,870,0.999755501,0.001641635,0.001641635,
20221101_201159,411,430,588,618,410,607,1.480487805,-0.00850975,0.00850975,,872.3404255,867.1428571,0.994041812,-0.005713689,0.005713689,
20221101_201159,420,430,602,619,410,608,1.482926829,0.002439024,0.002439024,,872.3404255,868.5714286,0.995679443,0.001637631,0.001637631,
20221101_201158,422,430,596,620,410,609,1.485365854,0.002439024,0.002439024,,872.3404255,870,0.997317073,0.001637631,0.001637631,
20221101_201152,452,430,618,621,410,610,1.487804878,0.002439024,0.002439024,,872.3404255,871.4285714,0.998954704,0.001637631,0.001637631,
20221101_201209,439,430,640,622,410,611,1.490243902,0.002439024,0.002439024,,872.3404255,872.8571429,1.000592334,0.001637631,0.001637631,
20221101_201158,403,431,579,620,411,609,1.481751825,-0.008492078,0.008492078,,874.4680851,870,0.994890511,-0.005701824,0.005701824,
20221101_201158,412,431,583,621,411,610,1.484184915,0.00243309,0.00243309,,874.4680851,871.4285714,0.996524157,0.001633646,0.001633646,
20221101_201152,442,431,647,623,411,612,1.489051095,0.00486618,0.00486618,,874.4680851,874.2857143,0.999791449,0.003267292,0.003267292,
20221101_201152,437,431,635,624,411,613,1.491484185,0.00243309,0.00243309,,874.4680851,875.7142857,1.001425096,0.001633646,0.001633646,
20221101_201158,409,432,590,621,412,610,1.480582524,-0.010901661,0.010901661,,876.5957447,871.4285714,0.994105409,-0.007319686,0.007319686,
20221101_201158,412,432,581,622,412,611,1.483009709,0.002427184,0.002427184,,876.5957447,872.8571429,0.99573509,0.001629681,0.001629681,
20221101_201158,414,432,581,623,412,612,1.485436893,0.002427184,0.002427184,,876.5957447,874.2857143,0.997364771,0.001629681,0.001629681,
20221101_201209,442,432,636,624,412,613,1.487864078,0.002427184,0.002427184,,876.5957447,875.7142857,0.998994452,0.001629681,0.001629681,
20221101_201152,429,432,610,625,412,614,1.490291262,0.002427184,0.002427184,,876.5957447,877.1428571,1.000624133,0.001629681,0.001629681,
20221101_201158,423,433,616,623,413,612,1.481840194,-0.008451068,0.008451068,,878.7234043,874.2857143,0.994949844,-0.005674289,0.005674289,
20221101_201157,421,433,594,624,413,613,1.484261501,0.002421308,0.002421308,,878.7234043,875.7142857,0.996575579,0.001625735,0.001625735,
20221101_201157,418,433,606,625,413,614,1.486682809,0.002421308,0.002421308,,878.7234043,877.1428571,0.998201314,0.001625735,0.001625735,
20221101_201152,431,433,611,626,413,615,1.489104116,0.002421308,0.002421308,,878.7234043,878.5714286,0.999827049,0.001625735,0.001625735,
20221101_201152,435,433,631,627,413,616,1.491525424,0.002421308,0.002421308,,878.7234043,880,1.001452785,0.001625735,0.001625735,
20221101_201157,418,434,603,625,414,614,1.483091787,-0.008433636,0.008433636,,880.8510638,877.1428571,0.9957902,-0.005662584,0.005662584,
20221101_201157,400,434,615,626,414,615,1.485507246,0.002415459,0.002415459,,880.8510638,878.5714286,0.997412008,0.001621808,0.001621808,
20221101_201153,450,434,625,627,414,616,1.487922705,0.002415459,0.002415459,,880.8510638,880,0.999033816,0.001621808,0.001621808,
20221101_201153,438,434,657,628,414,617,1.490338164,0.002415459,0.002415459,,880.8510638,881.4285714,1.000655625,0.001621808,0.001621808,
20221101_201157,413,435,594,627,415,616,1.484337349,-0.006000815,0.006000815,,882.9787234,880,0.996626506,-0.004029119,0.004029119,
20221101_201156,421,435,599,628,415,617,1.486746988,0.002409639,0.002409639,,882.9787234,881.4285714,0.998244406,0.0016179,0.0016179,
20221101_201153,432,435,625,629,415,618,1.489156627,0.002409639,0.002409639,,882.9787234,882.8571429,0.999862306,0.0016179,0.0016179,
20221101_201153,431,435,665,630,415,619,1.491566265,0.002409639,0.002409639,,882.9787234,884.2857143,1.001480207,0.0016179,0.0016179,
20221101_201156,416,436,615,629,416,618,1.485576923,-0.005989342,0.005989342,,885.106383,882.8571429,0.997458791,-0.004021415,0.004021415,
20221101_201154,439,436,647,630,416,619,1.487980769,0.002403846,0.002403846,,885.106383,884.2857143,0.999072802,0.001614011,0.001614011,
20221101_201154,450,436,653,631,416,620,1.490384615,0.002403846,0.002403846,,885.106383,885.7142857,1.000686813,0.001614011,0.001614011,
20221101_201156,434,437,642,630,417,619,1.48441247,-0.005972145,0.005972145,,887.2340426,884.2857143,0.996676944,-0.004009869,0.004009869,
20221101_201154,453,437,659,631,417,620,1.486810552,0.002398082,0.002398082,,887.2340426,885.7142857,0.998287085,0.00161014,0.00161014,
20221101_201154,443,437,648,632,417,621,1.489208633,0.002398082,0.002398082,,887.2340426,887.1428571,0.999897225,0.00161014,0.00161014,
20221101_201212,443,437,635,633,417,622,1.491606715,0.002398082,0.002398082,,887.2340426,888.5714286,1.001507366,0.00161014,0.00161014,
20221101_201212,438,438,653,634,418,623,1.490430622,-0.001176093,0.001176093,,889.3617021,890,1.000717703,-0.000789662,0.000789662,
20221101_201212,454,438,656,635,418,624,1.492822967,0.002392344,0.002392344,,889.3617021,891.4285714,1.002323992,0.001606288,0.001606288,
20221101_201212,449,439,679,635,419,624,1.489260143,-0.003562823,0.003562823,,891.4893617,891.4285714,0.99993181,-0.002392181,0.002392181,
20221101_201212,450,439,669,636,419,625,1.491646778,0.002386635,0.002386635,,891.4893617,892.8571429,1.001534265,0.001602455,0.001602455,
20221101_201213,446,439,668,637,419,626,1.494033413,0.002386635,0.002386635,,891.4893617,894.2857143,1.00313672,0.001602455,0.001602455,
20221101_201213,456,440,660,637,420,626,1.49047619,-0.003557222,0.003557222,,893.6170213,894.2857143,1.000748299,-0.002388421,0.002388421,
20221101_201213,439,440,651,638,420,627,1.492857143,0.002380952,0.002380952,,893.6170213,895.7142857,1.002346939,0.001598639,0.001598639,
20221101_201213,453,440,658,639,420,628,1.495238095,0.002380952,0.002380952,,893.6170213,897.1428571,1.003945578,0.001598639,0.001598639,
20221101_201213,454,441,651,639,421,628,1.491686461,-0.003551634,0.003551634,,895.7446809,897.1428571,1.001560909,-0.002384669,0.002384669,
20221101_201214,445,441,667,640,421,629,1.494061758,0.002375297,0.002375297,,895.7446809,898.5714286,1.003155752,0.001594842,0.001594842,
20221101_201214,449,441,657,641,421,630,1.496437055,0.002375297,0.002375297,,895.7446809,900,1.004750594,0.001594842,0.001594842,
20221101_201214,458,442,668,642,422,631,1.495260664,-0.001176391,0.001176391,,897.8723404,901.4285714,1.003960731,-0.000789863,0.000789863,
20221101_201214,441,442,656,643,422,632,1.497630332,0.002369668,0.002369668,,897.8723404,902.8571429,1.005551794,0.001591063,0.001591063,
20221101_201215,461,443,683,644,423,633,1.496453901,-0.001176431,0.001176431,,900,904.2857143,1.004761905,-0.000789889,0.000789889,
20221101_201215,463,443,674,645,423,634,1.498817967,0.002364066,0.002364066,,900,905.7142857,1.006349206,0.001587302,0.001587302,
20221101_201215,445,444,644,645,424,634,1.495283019,-0.003534948,0.003534948,,902.1276596,905.7142857,1.003975741,-0.002373465,0.002373465,
20221101_201216,450,444,661,646,424,635,1.497641509,0.002358491,0.002358491,,902.1276596,907.1428571,1.005559299,0.001583558,0.001583558,
20221101_201216,451,445,655,646,425,635,1.494117647,-0.003523862,0.003523862,,904.2553191,907.1428571,1.003193277,-0.002366022,0.002366022,
20221101_201216,452,445,652,647,425,636,1.496470588,0.002352941,0.002352941,,904.2553191,908.5714286,1.004773109,0.001579832,0.001579832,
20221101_201216,461,446,658,647,426,636,1.492957746,-0.003512842,0.003512842,,906.3829787,908.5714286,1.002414487,-0.002358622,0.002358622,
20221101_201217,453,446,663,648,426,637,1.495305164,0.002347418,0.002347418,,906.3829787,910,1.00399061,0.001576123,0.001576123,
20221101_201217,456,447,671,649,427,638,1.494145199,-0.001159965,0.001159965,,908.5106383,911.4285714,1.003211777,-0.000778834,0.000778834,
20221101_201217,449,447,674,650,427,639,1.496487119,0.00234192,0.00234192,,908.5106383,912.8571429,1.004784209,0.001572432,0.001572432,
20221101_201217,455,447,655,651,427,640,1.49882904,0.00234192,0.00234192,,908.5106383,914.2857143,1.006356641,0.001572432,0.001572432,
20221101_201218,480,448,666,651,428,640,1.495327103,-0.003501937,0.003501937,,910.6382979,914.2857143,1.00400534,-0.002351301,0.002351301,
20221101_201218,460,448,668,652,428,641,1.497663551,0.002336449,0.002336449,,910.6382979,915.7142857,1.005574099,0.001568758,0.001568758,
20221101_201218,459,449,646,652,429,641,1.494172494,-0.003491057,0.003491057,,912.7659574,915.7142857,1.003230103,-0.002343996,0.002343996,
20221101_201218,448,449,659,653,429,642,1.496503497,0.002331002,0.002331002,,912.7659574,917.1428571,1.004795205,0.001565102,0.001565102,
20221101_201218,465,450,660,653,430,642,1.493023256,-0.003480241,0.003480241,,914.893617,917.1428571,1.002458472,-0.002336733,0.002336733,
20221101_201219,469,450,676,654,430,643,1.495348837,0.002325581,0.002325581,,914.893617,918.5714286,1.004019934,0.001561462,0.001561462,
20221101_201219,450,451,640,654,431,643,1.49187935,-0.003469487,0.003469487,,917.0212766,918.5714286,1.001690421,-0.002329513,0.002329513,
20221101_201220,454,451,665,655,431,644,1.494199536,0.002320186,0.002320186,,917.0212766,920,1.00324826,0.001557839,0.001557839,
20221101_201220,460,451,674,656,431,645,1.496519722,0.002320186,0.002320186,,917.0212766,921.4285714,1.004806099,0.001557839,0.001557839,
20221101_201220,480,452,666,656,432,645,1.493055556,-0.003464166,0.003464166,,919.1489362,921.4285714,1.002480159,-0.00232594,0.00232594,
20221101_201221,466,452,658,657,432,646,1.49537037,0.002314815,0.002314815,,919.1489362,922.8571429,1.004034392,0.001554233,0.001554233,
20221101_201221,445,452,657,658,432,647,1.497685185,0.002314815,0.002314815,,919.1489362,924.2857143,1.005588624,0.001554233,0.001554233,
20221101_201221,468,453,673,657,433,646,1.491916859,-0.005768326,0.005768326,,921.2765957,922.8571429,1.001715605,-0.003873019,0.003873019,
